ID;CMP_TYPE_CUSTOMER;CMP_TYPE_PARTNER;OPPORTUNITY_DEAL_Q01;PROBABILITY_DEAL_Q01;TIME_DIFF_BEGIN_CLOSE_DEAL_Q01;OPPORTUNITY_DEAL_Q09;PROBABILITY_DEAL_Q09;TIME_DIFF_BEGIN_CLOSE_DEAL_Q09;OPPORTUNITY_DEAL_MEAN;PROBABILITY;TIME_DIFF_BEGIN_CLOSE_DEAL_MEAN;CLOSED;OPPORTUNITY_DEAL_MEDIAN;TIME_DIFF_BEGIN_CLOSE_DEAL_MEDIAN;DEAL_BY_YEAR;PRICE_INV_Q01;TIME_DIFF_PAYED_BILL_INV_Q01;TIME_DIFF_PAYBEF_PAYED_INV_Q01;PRICE_INV_Q09;TIME_DIFF_PAYED_BILL_INV_Q09;TIME_DIFF_PAYBEF_PAYED_INV_Q09;PRICE_INV_MEAN;TIME_DIFF_PAYED_BILL_INV_MEAN;TIME_DIFF_PAYBEF_PAYED_INV_MEAN;PAYED;STATUS_ID_P;STATUS_ID_D;STATUS_ID_N;STATUS_ID_T;PRICE_INV_MEDIAN;TIME_DIFF_PAYED_BILL_INV_MEDIAN;TIME_DIFF_PAYBEF_PAYED_INV_MEDIAN;MONTH_TOGETHER_INV;DEAL_BY_YEARINV;OPPORTUNITY_QUO_Q01;TIME_DIFF_CREATE_CLOSE_QUO_Q01;OPPORTUNITY_QUO_Q09;TIME_DIFF_CREATE_CLOSE_QUO_Q09;CLOSEDQUO;OPPORTUNITY_QUO_MEAN;TIME_DIFF_CREATE_CLOSE_QUO_MEAN;STATUS_ID_DEC;STATUS_ID_APP;STATUS_ID_DRA;STATUS_ID_UNA;STATUS_ID_REC;OPPORTUNITY_QUO_MEDIAN;TIME_DIFF_CREATE_CLOSE_QUO_MEDIAN;target
13;1;0;3213.0;0.0;11.0;231072.5;100.0;722.1;61099.527;31.11111;301.37338;0.8076923;25462.5;211.0;15.071134;4443.75;2.4583333;-104.458336;86137.5;119.125;1.7916666;33397.184;56.428436;-29.355207;0.8767123;0.89726025;0.07534247;0.02739726;0.0;19950.0;21.208334;-2.2708333;61.831944444444446;28.334867;0.0;2.6;64260.0;6.25;0.8235294;32772.06;5.1694446;0.1764706;0.64705884;0.11764706;0.0;0.05882353;16275.0;5.625;1
15;1;0;0.0;0.0;0.0;0.0;0.0;0.0;0.0;0.0;0.0;0.0;0.0;0.0;0.0;2850.0;5.25;0.0;2850.0;5.25;0.0;2850.0;5.25;0.0;1.0;1.0;0.0;0.0;0.0;2850.0;5.25;0.0;0.0;0.0;0.0;0.0;0.0;0.0;0.0;0.0;0.0;0.0;0.0;0.0;0.0;0.0;0.0;0.0;0
17;1;0;0.0;0.0;16.9;0.0;0.0;104.1;0.0;0.0;60.5;1.0;0.0;60.5;1.9518716;1324.6;3.4166667;0.0;4059.9;11.383333;0.0;2727.75;6.375;0.0;1.0;1.0;0.0;0.0;0.0;2816.5;3.8125;0.0;8.772222222222222;5.4718175;0.0;0.0;0.0;0.0;0.0;0.0;0.0;0.0;0.0;0.0;0.0;0.0;0.0;0.0;0
21;1;0;0.0;0.0;0.0;0.0;0.0;0.0;0.0;0.0;0.0;0.0;0.0;0.0;0.0;8040.0;5.9083333;0.0;39900.2;53.408333;0.0;20722.6;23.566668;0.0;1.0;1.0;0.0;0.0;0.0;11550.0;10.375;0.0;14.102777777777778;4.254481;0.0;0.0;0.0;0.0;0.0;0.0;0.0;0.0;0.0;0.0;0.0;0.0;0.0;0.0;0
23;1;0;0.0;0.0;0.0;0.0;0.0;0.0;0.0;0.0;0.0;0.0;0.0;0.0;0.0;5478.0;6.375;0.0;5478.0;6.375;0.0;5478.0;6.375;0.0;1.0;1.0;0.0;0.0;0.0;5478.0;6.375;0.0;0.0;0.0;0.0;0.0;0.0;0.0;0.0;0.0;0.0;0.0;0.0;0.0;0.0;0.0;0.0;0.0;0
25;1;0;0.0;0.0;7.0;195000.0;80.0;124.0;101481.82;23.636364;58.727272;1.0;80000.0;7.0;5.7027874;114900.0;7.3083334;0.0;216800.0;53.275;0.0;158000.0;26.466667;0.0;1.0;1.0;0.0;0.0;0.0;148500.0;19.208334;0.0;12.16388888888889;4.932633;135500.0;5.75;135500.0;5.75;1.0;135500.0;5.75;0.0;1.0;0.0;0.0;0.0;135500.0;5.75;0
27;1;0;0.0;0.0;0.0;0.0;0.0;0.0;0.0;0.0;0.0;0.0;0.0;0.0;0.0;4495.8;24.7625;0.0;10062.2;179.19583;0.0;7279.0;101.979164;0.0;1.0;1.0;0.0;0.0;0.0;7279.0;101.979164;0.0;7.2347222222222225;3.3173354;0.0;0.0;0.0;0.0;0.0;0.0;0.0;0.0;0.0;0.0;0.0;0.0;0.0;0.0;0
29;1;0;10755.4;0.0;7.0;39482.5;91.0;7.0;24198.25;42.5;7.0;1.0;21896.5;7.0;6.8544602;3475.0;5.3708334;0.0;63800.0;49.070835;0.0;28343.666;25.619791;0.0;0.8888889;0.8888889;0.11111111;0.0;0.0;12775.0;17.354166;0.0;12.066666666666666;8.950276;0.0;0.0;0.0;0.0;0.0;0.0;0.0;0.0;0.0;0.0;0.0;0.0;0.0;0.0;0
11;1;0;0.0;0.0;7.0;9970.0;40.0;96.6;4975.0;16.666666;39.0;0.75;4950.0;7.0;0.8088456;4750.0;2.4166667;0.0;4750.0;2.4166667;0.0;4750.0;2.4166667;0.0;1.0;1.0;0.0;0.0;0.0;4750.0;2.4166667;0.0;0.0;0.0;0.0;0.0;0.0;0.0;0.0;0.0;0.0;0.0;0.0;0.0;0.0;0.0;0.0;0.0;0
31;1;0;0.0;0.0;0.0;0.0;0.0;0.0;0.0;0.0;0.0;0.0;0.0;0.0;0.0;3400.0;2.4166667;0.0;3400.0;2.4166667;0.0;3400.0;2.4166667;0.0;1.0;1.0;0.0;0.0;0.0;3400.0;2.4166667;0.0;0.0;0.0;0.0;0.0;0.0;0.0;0.0;0.0;0.0;0.0;0.0;0.0;0.0;0.0;0.0;0.0;0
33;1;0;9325.1;50.0;7.0;75301.9;50.0;7.0;42313.5;50.0;7.0;1.0;42313.5;7.0;52.142857;2205.2;3.9666667;0.0;11222.8;8.7;0.0;6714.0;6.3333335;0.0;1.0;1.0;0.0;0.0;0.0;6714.0;6.3333335;0.0;13.034722222222221;1.841236;0.0;0.0;0.0;0.0;0.0;0.0;0.0;0.0;0.0;0.0;0.0;0.0;0.0;0.0;0
35;1;0;0.0;0.0;0.0;0.0;0.0;0.0;0.0;0.0;0.0;0.0;0.0;0.0;0.0;2365.0;10.120833;0.0;6885.0;24.754168;0.0;4625.0;17.4375;0.0;1.0;1.0;0.0;0.0;0.0;4625.0;17.4375;0.0;0.475;50.526318;0.0;0.0;0.0;0.0;0.0;0.0;0.0;0.0;0.0;0.0;0.0;0.0;0.0;0.0;0
37;1;0;60000.0;0.0;146.0;60000.0;0.0;146.0;60000.0;0.0;146.0;1.0;60000.0;146.0;2.5;3195.0;5.7208333;0.0;9155.0;9.154166;0.0;6175.0;7.4375;0.0;1.0;1.0;0.0;0.0;0.0;6175.0;7.4375;0.0;0.6083333333333333;39.452053;0.0;0.0;0.0;0.0;0.0;0.0;0.0;0.0;0.0;0.0;0.0;0.0;0.0;0.0;0
39;1;0;400000.0;50.0;7.0;400000.0;50.0;7.0;400000.0;50.0;7.0;1.0;400000.0;7.0;52.142857;59520.0;5.054167;0.0;74000.0;11.4875;0.0;67300.0;8.270833;0.0;0.6666667;0.6666667;0.33333334;0.0;0.0;70000.0;8.270833;0.0;2.2666666666666666;15.882353;0.0;0.0;0.0;0.0;0.0;0.0;0.0;0.0;0.0;0.0;0.0;0.0;0.0;0.0;0
43;1;0;5901.4;0.0;163.9;7246.4;0.0;809.0;6606.5;0.0;516.75;1.0;6688.0;592.5;1.1792818;4150.0;4.25;0.0;7244.0;31.291666;0.0;5787.6665;14.284722;0.0;1.0;1.0;0.0;0.0;0.0;5969.0;7.3125;0.0;37.13333333333333;1.9389588;0.0;0.0;0.0;0.0;0.0;0.0;0.0;0.0;0.0;0.0;0.0;0.0;0.0;0.0;0
45;1;0;0.0;0.0;0.0;0.0;0.0;0.0;0.0;0.0;0.0;0.0;0.0;0.0;0.0;1078.0;0.0;0.0;1078.0;0.0;0.0;1078.0;0.0;0.0;0.0;0.0;1.0;0.0;0.0;1078.0;0.0;0.0;0.0;0.0;0.0;0.0;0.0;0.0;0.0;0.0;0.0;0.0;0.0;0.0;0.0;0.0;0.0;0.0;0
47;1;0;0.0;0.0;0.0;0.0;0.0;0.0;0.0;0.0;0.0;0.0;0.0;0.0;0.0;29982.8;5.6833334;0.0;34949.2;6.483333;0.0;32466.0;6.0833335;0.0;1.0;1.0;0.0;0.0;0.0;32466.0;6.0833335;0.0;0.0;0.0;0.0;0.0;0.0;0.0;0.0;0.0;0.0;0.0;0.0;0.0;0.0;0.0;0.0;0.0;0
49;1;0;15080.0;55.0;100.004166;93720.0;95.0;844.0375;54400.0;75.0;472.02084;1.0;54400.0;472.02084;0.7700083;5021.1;7.0;0.0;51775.0;139.28334;0.0;18859.8;64.36667;0.0;0.5;0.5;0.5;0.0;0.0;6650.0;56.458332;0.0;1.8555555555555556;64.67066;0.0;0.0;0.0;0.0;0.0;0.0;0.0;0.0;0.0;0.0;0.0;0.0;0.0;0.0;0
51;1;0;1900.0;100.0;7.0;1900.0;100.0;7.0;1900.0;100.0;7.0;1.0;1900.0;7.0;52.142857;1037.6;1.5416666;0.0;2732.0;1.5416666;0.0;1887.3334;1.5416666;0.0;0.33333334;0.33333334;0.6666667;0.0;0.0;1900.0;1.5416666;0.0;0.0;0.0;0.0;0.0;0.0;0.0;0.0;0.0;0.0;0.0;0.0;0.0;0.0;0.0;0.0;0.0;0
53;1;0;0.0;0.0;0.0;0.0;0.0;0.0;0.0;0.0;0.0;0.0;0.0;0.0;0.0;15000.0;0.0;0.0;15000.0;0.0;0.0;15000.0;0.0;0.0;0.0;0.0;1.0;0.0;0.0;15000.0;0.0;0.0;0.0;0.0;0.0;0.0;0.0;0.0;0.0;0.0;0.0;0.0;0.0;0.0;0.0;0.0;0.0;0.0;0
55;1;0;431.2;0.0;2.8;34400.0;80.0;20.2;14191.2;32.0;10.2;1.0;1078.0;7.0;4.727469;1078.0;6.3375;0.0;24403.4;113.004166;0.0;9408.5;52.270832;0.0;1.0;1.0;0.0;0.0;0.0;1078.0;33.770832;0.0;19.6;2.4489796;0.0;0.0;0.0;0.0;0.0;0.0;0.0;0.0;0.0;0.0;0.0;0.0;0.0;0.0;0
57;1;0;0.0;0.0;0.0;0.0;0.0;0.0;0.0;0.0;0.0;0.0;0.0;0.0;0.0;1078.0;0.0;0.0;1078.0;0.0;0.0;1078.0;0.0;0.0;0.0;0.0;1.0;0.0;0.0;1078.0;0.0;0.0;0.0;0.0;0.0;0.0;0.0;0.0;0.0;0.0;0.0;0.0;0.0;0.0;0.0;0.0;0.0;0.0;0
59;0;0;11273.9;0.0;120.8;21465.1;0.0;159.2;16369.5;0.0;140.0;1.0;16369.5;140.0;0.85480094;12746.6;20.666666;0.0;44746.6;20.666666;0.0;27911.0;20.666666;0.0;0.33333334;0.33333334;0.6666667;0.0;0.0;23733.0;20.666666;0.0;0.0;0.0;0.0;0.0;0.0;0.0;0.0;0.0;0.0;0.0;0.0;0.0;0.0;0.0;0.0;0.0;0
63;1;0;100000.0;80.0;1598.0416;100000.0;80.0;1598.0416;100000.0;80.0;1598.0416;1.0;100000.0;1598.0416;0.22840455;17165.0;14.95;0.0;24630.0;38.108334;0.0;21212.5;29.604166;0.0;1.0;1.0;0.0;0.0;0.0;22000.0;37.291668;0.0;1.7680555555555555;27.148468;0.0;0.0;0.0;0.0;0.0;0.0;0.0;0.0;0.0;0.0;0.0;0.0;0.0;0.0;0
67;1;0;980.0;20.0;6.2;4900.0;100.0;225.4;3266.6667;66.666664;97.666664;1.0;4900.0;7.0;0.75463027;4900.0;72.458336;0.0;4900.0;72.458336;0.0;4900.0;72.458336;0.0;1.0;1.0;0.0;0.0;0.0;4900.0;72.458336;0.0;0.0;0.0;0.0;0.0;0.0;0.0;0.0;0.0;0.0;0.0;0.0;0.0;0.0;0.0;0.0;0.0;0
71;1;0;40000.0;50.0;54.0;40000.0;50.0;54.0;40000.0;50.0;54.0;1.0;40000.0;54.0;6.759259;25564.0;130.5;0.0;39164.0;130.5;0.0;32986.668;130.5;0.0;0.33333334;0.33333334;0.6666667;0.0;0.0;36100.0;130.5;0.0;0.0;0.0;0.0;0.0;0.0;0.0;0.0;0.0;0.0;0.0;0.0;0.0;0.0;0.0;0.0;0.0;0
75;0;1;15300.0;10.0;7.0;53800.0;90.0;187.0;33625.0;50.0;82.0;1.0;29000.0;7.0;0.9638731;6460.0;2.775;0.0;27280.0;12.241667;0.0;15745.0;7.6527777;0.0;0.6;0.6;0.4;0.0;0.0;12600.0;8.375;0.0;2.1597222222222223;27.781351;0.0;0.0;0.0;0.0;0.0;0.0;0.0;0.0;0.0;0.0;0.0;0.0;0.0;0.0;0
87;0;1;5522.2;5.0;7.0041666;25235.8;45.0;7.0375;15379.0;25.0;7.0208335;1.0;15379.0;7.0208335;1.9259096;10690.0;23.291666;0.0;17010.0;23.291666;0.0;13850.0;23.291666;0.0;1.0;1.0;0.0;0.0;0.0;13850.0;23.291666;0.0;0.0;0.0;0.0;0.0;0.0;0.0;0.0;0.0;0.0;0.0;0.0;0.0;0.0;0.0;0.0;0.0;0
119;1;0;2728.0;0.0;6.0;16350.0;50.0;915.0;8305.111;11.111111;249.00462;0.8888889;2975.0;7.0;2.4698474;875.0;2.7208333;-18.291666;10500.0;60.958332;-18.291666;4396.4;25.247025;-18.291666;0.93333334;0.93333334;0.06666667;0.0;0.0;2975.0;14.729167;-18.291666;25.068055555555556;7.1804533;0.0;0.0;0.0;0.0;0.0;0.0;0.0;0.0;0.0;0.0;0.0;0.0;0.0;0.0;0
121;1;0;600.0;100.0;7.0;600.0;100.0;7.0;600.0;100.0;7.0;1.0;600.0;7.0;52.142857;3024.0;2.5;0.0;3024.0;2.5;0.0;3024.0;2.5;0.0;1.0;1.0;0.0;0.0;0.0;3024.0;2.5;0.0;0.0;0.0;0.0;0.0;0.0;0.0;0.0;0.0;0.0;0.0;0.0;0.0;0.0;0.0;0.0;0.0;0
139;1;0;5759.0;54.0;7.0;15751.0;86.0;7.0;10755.0;70.0;7.0;1.0;10755.0;7.0;4.0555553;2882.0;6.6666665;0.0;6862.0;6.6666665;0.0;4811.6665;6.6666665;0.0;0.33333334;0.33333334;0.6666667;0.0;0.0;4510.0;6.6666665;0.0;0.0;0.0;0.0;0.0;0.0;0.0;0.0;0.0;0.0;0.0;0.0;0.0;0.0;0.0;0.0;0.0;0
161;1;0;66300.0;80.0;7.0;66300.0;80.0;7.0;66300.0;80.0;7.0;1.0;66300.0;7.0;52.142857;6930.0;4.5416665;0.0;37290.0;52.508335;0.0;22800.0;24.527779;0.0;1.0;1.0;0.0;0.0;0.0;26250.0;4.5416665;0.0;2.9305555555555554;12.28436;0.0;0.0;0.0;0.0;0.0;0.0;0.0;0.0;0.0;0.0;0.0;0.0;0.0;0.0;0
169;1;0;17440.0;10.0;7.0;32968.0;90.0;37.4;25536.666;50.0;19.666666;1.0;27200.0;7.0;1.4037712;9096.6;18.245832;0.0;27760.0;145.54584;0.0;19334.5;81.895836;0.0;0.5;0.5;0.5;0.0;0.0;21600.0;81.895836;0.0;7.670833333333333;6.2574687;0.0;0.0;0.0;0.0;0.0;0.0;0.0;0.0;0.0;0.0;0.0;0.0;0.0;0.0;0
171;1;0;323.4;0.0;7.0;27000.0;56.0;30.1;12769.5;20.0;15.25;1.0;10539.0;7.0;2.786038;12750.0;1.5333333;0.0;40470.0;2.3333333;0.0;24400.0;2.0;0.0;1.0;1.0;0.0;0.0;0.0;13350.0;2.3333333;0.0;1.3666666666666667;26.341463;0.0;0.0;0.0;0.0;0.0;0.0;0.0;0.0;0.0;0.0;0.0;0.0;0.0;0.0;0
175;1;0;22290.0;0.0;83.0;22290.0;0.0;83.0;22290.0;0.0;83.0;1.0;22290.0;83.0;4.39759;22290.0;7.2083335;0.0;22290.0;7.2083335;0.0;22290.0;7.2083335;0.0;1.0;1.0;0.0;0.0;0.0;22290.0;7.2083335;0.0;0.0;0.0;0.0;0.0;0.0;0.0;0.0;0.0;0.0;0.0;0.0;0.0;0.0;0.0;0.0;0.0;0
159;1;0;13837.3;24.0;7.0;61735.0;94.0;992.12915;37247.25;65.0;366.2604;1.0;35900.0;33.0;1.0488192;6675.1;3.4166667;0.0;10963.9;3.4166667;0.0;8819.5;3.4166667;0.0;0.5;0.5;0.5;0.0;0.0;8819.5;3.4166667;0.0;0.0;0.0;0.0;0.0;0.0;0.0;0.0;0.0;0.0;0.0;0.0;0.0;0.0;0.0;0.0;0.0;0
81;1;0;7740.0;0.0;7.0;39936.0;62.0;7.0;23088.0;34.0;7.0;1.0;17700.0;7.0;3.5365362;8080.0;93.458336;0.0;13920.0;93.458336;0.0;11000.0;93.458336;0.0;0.5;0.5;0.5;0.0;0.0;11000.0;93.458336;0.0;0.0;0.0;0.0;0.0;0.0;0.0;0.0;0.0;0.0;0.0;0.0;0.0;0.0;0.0;0.0;0.0;0
127;1;0;8066.6;15.0;38.8;161215.0;50.0;163.4;75372.0;37.5;104.5;1.0;52200.0;113.0;2.1822257;7316.0;9.25;0.0;37560.0;14.766666;0.0;21608.666;11.833333;0.0;0.6666667;0.6666667;0.33333334;0.0;0.0;19950.0;11.395833;0.0;1.2763888888888888;56.40914;0.0;0.0;0.0;0.0;0.0;0.0;0.0;0.0;0.0;0.0;0.0;0.0;0.0;0.0;0
179;1;0;26310.0;100.0;7.0;26310.0;100.0;7.0;26310.0;100.0;7.0;1.0;26310.0;7.0;52.142857;26310.0;10.166667;0.0;26310.0;10.166667;0.0;26310.0;10.166667;0.0;1.0;1.0;0.0;0.0;0.0;26310.0;10.166667;0.0;0.0;0.0;0.0;0.0;0.0;0.0;0.0;0.0;0.0;0.0;0.0;0.0;0.0;0.0;0.0;0.0;0
181;1;0;1078.0;0.0;7.0;21583.6;64.0;595.0;9622.0;26.666666;252.0;1.0;1078.0;7.0;0.76678437;1066.8;4.4416666;0.0;14734.0;15.291667;0.0;6652.2856;9.5;0.0;0.71428573;0.71428573;0.2857143;0.0;0.0;4200.0;7.4583335;0.0;24.697222222222223;3.4011922;0.0;0.0;0.0;0.0;0.0;0.0;0.0;0.0;0.0;0.0;0.0;0.0;0.0;0.0;0
61;1;0;100000.0;0.0;7.0;100000.0;0.0;7.0;100000.0;0.0;7.0;1.0;100000.0;7.0;52.142857;38875.0;53.5;0.0;38875.0;53.5;0.0;38875.0;53.5;0.0;1.0;1.0;0.0;0.0;0.0;38875.0;53.5;0.0;0.0;0.0;0.0;0.0;0.0;0.0;0.0;0.0;0.0;0.0;0.0;0.0;0.0;0.0;0.0;0.0;0
185;1;0;0.0;0.0;0.0;0.0;0.0;0.0;0.0;0.0;0.0;0.0;0.0;0.0;0.0;11325.0;5.2916665;0.0;11325.0;5.2916665;0.0;11325.0;5.2916665;0.0;1.0;1.0;0.0;0.0;0.0;11325.0;5.2916665;0.0;0.0;0.0;0.0;0.0;0.0;0.0;0.0;0.0;0.0;0.0;0.0;0.0;0.0;0.0;0.0;0.0;0
155;1;0;22940.0;0.0;7.0;50892.0;0.0;7.0;36546.668;0.0;7.0;1.0;34700.0;7.0;5.046083;7850.0;7.4583335;0.0;26850.0;39.416668;0.0;19415.0;20.241667;0.0;0.8333333;0.8333333;0.16666667;0.0;0.0;23545.0;7.4583335;0.0;9.197222222222223;7.8284507;0.0;0.0;0.0;0.0;0.0;0.0;0.0;0.0;0.0;0.0;0.0;0.0;0.0;0.0;0
189;1;0;0.0;0.0;0.0;0.0;0.0;0.0;0.0;0.0;0.0;0.0;0.0;0.0;0.0;2649.0;15.291667;0.0;2649.0;15.291667;0.0;2649.0;15.291667;0.0;1.0;1.0;0.0;0.0;0.0;2649.0;15.291667;0.0;0.0;0.0;0.0;0.0;0.0;0.0;0.0;0.0;0.0;0.0;0.0;0.0;0.0;0.0;0.0;0.0;0
191;1;0;0.0;0.0;80.2;3095.0;70.0;890.2;1312.5;25.0;464.0;1.0;725.0;411.0;0.99723935;1685.0;2.5541666;0.0;3565.0;3.9875;0.0;2625.0;3.2708333;0.0;1.0;1.0;0.0;0.0;0.0;2625.0;3.2708333;0.0;14.661111111111111;1.6369838;0.0;0.0;0.0;0.0;0.0;0.0;0.0;0.0;0.0;0.0;0.0;0.0;0.0;0.0;0
193;1;0;6850.0;0.0;7.0;6850.0;0.0;7.0;6850.0;0.0;7.0;1.0;6850.0;7.0;52.142857;1950.0;44.458332;0.0;4310.0;44.458332;0.0;2933.3333;44.458332;0.0;0.6666667;0.6666667;0.33333334;0.0;0.0;1950.0;44.458332;0.0;0.0;0.0;0.0;0.0;0.0;0.0;0.0;0.0;0.0;0.0;0.0;0.0;0.0;0.0;0.0;0.0;0
195;1;0;1078.0;0.0;7.0;5970.0;50.0;856.6;3337.9333;10.0;413.86667;1.0;2900.0;340.0;3.9330719;1078.0;2.2083333;-12.441667;13900.0;42.375;7.675;5065.952;20.458334;-0.575;0.95238096;0.95238096;0.04761905;0.0;0.0;2900.0;7.1666665;2.7083333;53.6;4.7014923;0.0;0.0;0.0;0.0;0.0;0.0;0.0;0.0;0.0;0.0;0.0;0.0;0.0;0.0;0
197;0;1;48590.0;10.0;87.2;367710.0;90.0;528.8;208150.0;50.0;308.0;1.0;208150.0;308.0;0.9811828;26490.0;13.566667;-7.2083335;325970.0;95.05;-7.2083335;154950.0;44.291668;-7.2083335;1.0;1.0;0.0;0.0;0.0;101750.0;19.25;-7.2083335;25.295833333333334;1.8975457;311200.0;-0.45833334;311200.0;-0.45833334;1.0;311200.0;-0.45833334;0.0;1.0;0.0;0.0;0.0;311200.0;-0.45833334;0
767;1;0;1078.0;0.0;7.0;21400.0;80.0;401.0;7888.6665;30.0;143.33333;1.0;1188.0;22.0;1.4897537;1188.0;0.8666667;7.5;22557.6;11.833333;7.5;10092.0;5.7083335;7.5;1.0;1.0;0.0;0.0;0.0;1188.0;2.5;7.5;48.15555555555556;0.7475773;0.0;0.0;0.0;0.0;0.0;0.0;0.0;0.0;0.0;0.0;0.0;0.0;0.0;0.0;0
773;1;0;0.0;0.0;0.0;0.0;0.0;0.0;0.0;0.0;0.0;0.0;0.0;0.0;0.0;7160.0;7.4583335;0.0;14040.0;7.4583335;0.0;10600.0;7.4583335;0.0;1.0;1.0;0.0;0.0;0.0;10600.0;7.4583335;0.0;0.0;0.0;0.0;0.0;0.0;0.0;0.0;0.0;0.0;0.0;0.0;0.0;0.0;0.0;0.0;0.0;0
775;1;0;5370.0;0.0;7.0;68295.0;50.0;389.6;25383.533;10.0;172.66667;1.0;11500.0;103.0;4.2772045;3810.0;1.2916666;-146.58333;16093.8;58.291668;6.3416667;11488.091;39.194443;-46.70238;0.95454544;0.95454544;0.045454547;0.0;0.0;10000.0;28.416666;1.25;50.32222222222222;5.246191;11745.0;5.4583335;46585.0;28.670834;1.0;29325.0;13.760417;0.75;0.25;0.0;0.0;0.0;29725.0;5.5;0
77;1;0;4502.5;10.0;40.3;8522.5;90.0;306.7;6512.5;50.0;173.5;1.0;6512.5;173.5;0.90678537;4000.0;0.0;0.0;4000.0;0.0;0.0;4000.0;0.0;0.0;0.0;0.0;1.0;0.0;0.0;4000.0;0.0;0.0;0.0;0.0;0.0;0.0;0.0;0.0;0.0;0.0;0.0;0.0;0.0;0.0;0.0;0.0;0.0;0.0;0
787;1;0;87680.0;0.0;118.2;219520.0;0.0;1007.8;153600.0;0.0;563.0;1.0;153600.0;563.0;0.6165541;70920.0;15.170834;0.0;186060.0;57.041668;0.0;125550.0;35.385418;0.0;1.0;1.0;0.0;0.0;0.0;118200.0;33.583332;0.0;15.165277777777778;3.165125;0.0;0.0;0.0;0.0;0.0;0.0;0.0;0.0;0.0;0.0;0.0;0.0;0.0;0.0;0
783;1;0;356.4;0.0;6.3;26899.5;50.0;486.5;12713.25;25.0;178.0;1.0;10426.5;7.0;1.0223792;1050.0;2.4166667;2.7083333;12651.9;19.825;2.7083333;5213.25;8.645833;2.7083333;1.0;1.0;0.0;0.0;0.0;1119.0;2.4583333;2.7083333;25.194444444444443;1.9051819;0.0;0.0;0.0;0.0;0.0;0.0;0.0;0.0;0.0;0.0;0.0;0.0;0.0;0.0;0
785;1;0;10710.0;0.0;7.0;12390.0;0.0;7.0;11550.0;0.0;7.0;1.0;11550.0;7.0;73.0;10710.0;3.7;0.0;12390.0;5.9666667;0.0;11550.0;4.8333335;0.0;1.0;1.0;0.0;0.0;0.0;11550.0;4.8333335;0.0;0.8930555555555556;26.874027;0.0;0.0;0.0;0.0;0.0;0.0;0.0;0.0;0.0;0.0;0.0;0.0;0.0;0.0;0
779;1;0;0.0;0.0;2.1;40040.0;35.0;1105.4417;16700.0;12.5;442.27084;1.0;8400.0;163.52083;1.0124534;7350.0;30.404167;0.0;7350.0;207.30417;0.0;7350.0;118.854164;0.0;1.0;1.0;0.0;0.0;0.0;7350.0;118.854164;0.0;7.370833333333334;3.2560768;0.0;0.0;0.0;0.0;0.0;0.0;0.0;0.0;0.0;0.0;0.0;0.0;0.0;0.0;0
789;1;0;0.0;0.0;0.0;0.0;0.0;0.0;0.0;0.0;0.0;0.0;0.0;0.0;0.0;4900.0;6.2916665;0.0;4900.0;6.2916665;0.0;4900.0;6.2916665;0.0;1.0;1.0;0.0;0.0;0.0;4900.0;6.2916665;0.0;0.0;0.0;0.0;0.0;0.0;0.0;0.0;0.0;0.0;0.0;0.0;0.0;0.0;0.0;0.0;0.0;0
793;1;0;4900.0;90.0;7.0;4900.0;90.0;7.0;4900.0;90.0;7.0;1.0;4900.0;7.0;52.142857;4900.0;2.5;0.0;4900.0;2.5;0.0;4900.0;2.5;0.0;1.0;1.0;0.0;0.0;0.0;4900.0;2.5;0.0;0.0;0.0;0.0;0.0;0.0;0.0;0.0;0.0;0.0;0.0;0.0;0.0;0.0;0.0;0.0;0.0;0
795;1;0;0.0;0.0;0.0;0.0;0.0;0.0;0.0;0.0;0.0;0.0;0.0;0.0;0.0;20531.1;9.870833;0.0;25179.9;38.8375;0.0;22855.5;24.354166;0.0;1.0;1.0;0.0;0.0;0.0;22855.5;24.354166;0.0;3.473611111111111;6.9092364;0.0;0.0;0.0;0.0;0.0;0.0;0.0;0.0;0.0;0.0;0.0;0.0;0.0;0.0;0
797;1;0;1000.9;0.0;14.1;9000.1;0.0;70.9;5000.5;0.0;42.5;1.0;5000.5;42.5;1.9361255;10000.0;32.375;0.0;10000.0;32.375;0.0;10000.0;32.375;0.0;1.0;1.0;0.0;0.0;0.0;10000.0;32.375;0.0;0.0;0.0;0.0;0.0;0.0;0.0;0.0;0.0;0.0;0.0;0.0;0.0;0.0;0.0;0.0;0.0;0
799;1;0;10720.0;10.0;7.0;13960.0;90.0;7.0;12216.667;50.0;7.0;1.0;11600.0;7.0;3.3177629;10905.0;8.375;0.0;14145.0;8.375;0.0;12525.0;8.375;0.0;0.5;0.5;0.5;0.0;0.0;12525.0;8.375;0.0;0.0;0.0;0.0;0.0;0.0;0.0;0.0;0.0;0.0;0.0;0.0;0.0;0.0;0.0;0.0;0.0;0
801;0;0;5640.0;50.0;7.0;13960.0;50.0;7.0;9800.0;50.0;7.0;1.0;9800.0;7.0;66.36364;4600.0;7.375;0.0;4600.0;7.375;0.0;4600.0;7.375;0.0;1.0;1.0;0.0;0.0;0.0;4600.0;7.375;0.0;0.0;0.0;0.0;0.0;0.0;0.0;0.0;0.0;0.0;0.0;0.0;0.0;0.0;0.0;0.0;0.0;0
805;1;0;53900.0;0.0;397.04166;53900.0;0.0;397.04166;53900.0;0.0;397.04166;1.0;53900.0;397.04166;0.919299;12460.0;24.375;0.0;25100.0;67.575;0.0;17966.666;42.375;0.0;1.0;1.0;0.0;0.0;0.0;13900.0;24.375;0.0;9.70138888888889;3.710809;0.0;0.0;0.0;0.0;0.0;0.0;0.0;0.0;0.0;0.0;0.0;0.0;0.0;0.0;0
809;1;0;0.0;0.0;0.0;0.0;0.0;0.0;0.0;0.0;0.0;0.0;0.0;0.0;0.0;3000.0;2.4166667;0.0;3000.0;2.4166667;0.0;3000.0;2.4166667;0.0;1.0;1.0;0.0;0.0;0.0;3000.0;2.4166667;0.0;0.0;0.0;0.0;0.0;0.0;0.0;0.0;0.0;0.0;0.0;0.0;0.0;0.0;0.0;0.0;0.0;0
813;1;0;900.0;0.0;7.0;148698.0;100.0;518.3;65698.51;13.265306;254.77551;0.9897959;19250.0;257.0;25.957125;1060.0;9.333333;-0.5;129040.0;54.979168;3.5;43268.746;29.916666;0.8611111;0.74747473;0.7676768;0.23232323;0.0;0.0;18612.0;21.208334;-0.33333334;39.49583333333333;30.079123;0.0;0.0;0.0;0.0;0.0;0.0;0.0;0.0;0.0;0.0;0.0;0.0;0.0;0.0;0
815;1;0;4900.0;100.0;7.0;4900.0;100.0;7.0;4900.0;100.0;7.0;1.0;4900.0;7.0;52.142857;4900.0;2.2083333;0.0;4900.0;2.2083333;0.0;4900.0;2.2083333;0.0;1.0;1.0;0.0;0.0;0.0;4900.0;2.2083333;0.0;0.0;0.0;0.0;0.0;0.0;0.0;0.0;0.0;0.0;0.0;0.0;0.0;0.0;0.0;0.0;0.0;0
817;1;0;2350.0;0.0;7.0;3990.0;0.0;7.0;3166.6667;0.0;7.0;1.0;3150.0;7.0;11.168721;2387.5;11.25;0.0;16212.5;90.8125;0.0;7250.0;51.506943;0.0;1.0;1.0;0.0;0.0;0.0;3150.0;52.458332;0.0;7.891666666666667;9.1235485;0.0;0.0;0.0;0.0;0.0;0.0;0.0;0.0;0.0;0.0;0.0;0.0;0.0;0.0;0
819;1;0;1555.0;0.0;7.0;12745.0;45.0;811.9;6785.4165;12.5;168.8368;1.0;6150.0;25.0;3.189998;2540.0;1.25;-0.29166666;6525.0;45.583332;-0.29166666;4452.0835;18.200758;-0.29166666;0.9166667;0.9166667;0.083333336;0.0;0.0;3787.5;5.2083335;-0.29166666;14.998611111111112;9.600889;0.0;0.0;0.0;0.0;0.0;0.0;0.0;0.0;0.0;0.0;0.0;0.0;0.0;0.0;0
821;1;0;9775.0;0.0;7.0;9775.0;0.0;7.0;9775.0;0.0;7.0;1.0;9775.0;7.0;52.142857;9775.0;37.458332;0.0;9775.0;37.458332;0.0;9775.0;37.458332;0.0;1.0;1.0;0.0;0.0;0.0;9775.0;37.458332;0.0;0.0;0.0;0.0;0.0;0.0;0.0;0.0;0.0;0.0;0.0;0.0;0.0;0.0;0.0;0.0;0.0;0
823;1;0;2841.0;0.0;7.0;19630.0;100.0;744.1;9587.075;44.736843;351.02603;0.9;3900.0;388.5;9.006555;2728.0;2.375;-7.2458334;16731.0;81.5;6.0208335;8456.264;38.617886;-20.16875;0.7358491;0.7735849;0.2264151;0.0;0.0;3900.0;16.291666;-0.47916666;52.49444444444445;12.115568;0.0;0.0;0.0;0.0;0.0;0.0;0.0;0.0;0.0;0.0;0.0;0.0;0.0;0.0;0
825;1;0;1039.0;0.0;20.5;37450.0;0.0;764.5208;13269.333;0.0;398.34027;1.0;1319.0;410.0;1.538957;1046.8;9.220834;-11.625;28940.0;31.283333;-11.625;11373.714;20.864584;-11.625;0.5714286;0.5714286;0.42857143;0.0;0.0;1450.0;22.395834;-11.625;24.226388888888888;3.4672935;0.0;0.0;0.0;0.0;0.0;0.0;0.0;0.0;0.0;0.0;0.0;0.0;0.0;0.0;0
803;1;0;21300.0;0.0;367.40833;266640.0;40.0;447.40833;128058.336;16.666666;405.0139;1.0;48500.0;393.04166;0.98114616;7250.0;18.533333;-4.625;19000.0;89.1;-4.625;12600.0;47.791668;-4.625;1.0;1.0;0.0;0.0;0.0;10500.0;36.25;-4.625;29.17222222222222;2.056751;0.0;0.0;0.0;0.0;0.0;0.0;0.0;0.0;0.0;0.0;0.0;0.0;0.0;0.0;0
829;1;0;3840.0;50.0;7.0;89960.0;90.0;1126.2333;40750.0;66.666664;473.34723;1.0;10000.0;7.0;0.77878207;4610.0;2.3291667;0.0;31415.0;15.783334;0.0;15937.5;7.59375;0.0;1.0;1.0;0.0;0.0;0.0;10750.0;3.9375;0.0;3.725;12.885906;0.0;0.0;0.0;0.0;0.0;0.0;0.0;0.0;0.0;0.0;0.0;0.0;0.0;0.0;0
831;1;0;4940.0;0.0;2.8;88420.0;50.0;67.01667;37770.0;30.0;25.608334;1.0;20700.0;7.0;4.6197658;14020.0;3.2166667;0.0;24380.0;9.65;0.0;19450.0;6.4027777;0.0;1.0;1.0;0.0;0.0;0.0;20700.0;6.25;0.0;2.2666666666666666;15.882353;0.0;0.0;0.0;0.0;0.0;0.0;0.0;0.0;0.0;0.0;0.0;0.0;0.0;0.0;0
5485;1;0;0.0;0.0;0.0;0.0;0.0;0.0;0.0;0.0;0.0;0.0;0.0;0.0;0.0;1020.0;13.416667;0.0;1020.0;13.416667;0.0;1020.0;13.416667;0.0;1.0;1.0;0.0;0.0;0.0;1020.0;13.416667;0.0;0.0;0.0;0.0;0.0;0.0;0.0;0.0;0.0;0.0;0.0;0.0;0.0;0.0;0.0;0.0;0.0;0
5487;1;0;0.0;0.0;0.0;0.0;0.0;0.0;0.0;0.0;0.0;0.0;0.0;0.0;0.0;40000.0;3.4583333;0.0;40000.0;3.4583333;0.0;40000.0;3.4583333;0.0;1.0;1.0;0.0;0.0;0.0;40000.0;3.4583333;0.0;0.0;0.0;0.0;0.0;0.0;0.0;0.0;0.0;0.0;0.0;0.0;0.0;0.0;0.0;0.0;0.0;0
5489;1;0;0.0;0.0;6.2;10098.4;70.0;465.0;4961.4443;21.428572;160.55556;1.0;3625.0;22.0;2.2120593;1305.0;1.4083333;-295.4;7370.0;147.3125;3.5666666;3606.7778;63.265625;-121.18056;0.7777778;0.7777778;0.22222222;0.0;0.0;2900.0;7.7083335;2.5;46.46111111111111;2.3245246;0.0;0.0;0.0;0.0;0.0;0.0;0.0;0.0;0.0;0.0;0.0;0.0;0.0;0.0;0
5491;1;0;73350.0;100.0;7.0;73350.0;100.0;7.0;73350.0;100.0;7.0;1.0;73350.0;7.0;52.142857;73350.0;40.25;0.0;73350.0;40.25;0.0;73350.0;40.25;0.0;1.0;1.0;0.0;0.0;0.0;73350.0;40.25;0.0;0.0;0.0;0.0;0.0;0.0;0.0;0.0;0.0;0.0;0.0;0.0;0.0;0.0;0.0;0.0;0.0;0
27647;1;0;672.0;0.0;8.6;19978.0;100.0;793.2;14794.267;36.666668;325.60278;1.0;11700.0;242.0;4.425882;2324.0;2.6583333;-145.30833;23395.0;165.00833;4.2;12758.444;65.088234;-43.319443;0.9444444;0.9444444;0.055555556;0.0;0.0;11700.0;20.333334;-0.5;25.9375;8.327711;0.0;0.0;0.0;0.0;0.0;0.0;0.0;0.0;0.0;0.0;0.0;0.0;0.0;0.0;0
29623;1;0;1320.0;10.0;7.0;2720.0;50.0;28.0;2050.0;33.333332;14.5;0.75;2125.0;7.0;1.1688962;1230.0;13.291667;-0.33333334;2710.0;13.291667;-0.33333334;1966.6666;13.291667;-0.33333334;0.33333334;0.33333334;0.6666667;0.0;0.0;1950.0;13.291667;-0.33333334;0.0;0.0;0.0;0.0;0.0;0.0;0.0;0.0;0.0;0.0;0.0;0.0;0.0;0.0;0.0;0.0;0
29627;1;0;1170.0;0.0;8.8;12910.0;100.0;575.8;10292.85;47.5;293.45;1.0;7568.0;220.0;5.0447755;1514.4;2.375;-1.6666666;11700.0;96.6875;8.75;8234.28;35.87153;2.8819444;0.92;0.96;0.04;0.0;0.0;5850.0;7.2083335;1.5625;40.19166666666667;7.464234;0.0;0.0;0.0;0.0;0.0;0.0;0.0;0.0;0.0;0.0;0.0;0.0;0.0;0.0;0
29629;1;0;4900.0;50.0;7.0;4900.0;50.0;7.0;4900.0;50.0;7.0;1.0;4900.0;7.0;52.142857;4900.0;14.25;0.0;4900.0;14.25;0.0;4900.0;14.25;0.0;1.0;1.0;0.0;0.0;0.0;4900.0;14.25;0.0;0.0;0.0;0.0;0.0;0.0;0.0;0.0;0.0;0.0;0.0;0.0;0.0;0.0;0.0;0.0;0.0;0
29635;1;0;21400.0;0.0;7.0;21400.0;0.0;7.0;21400.0;0.0;7.0;1.0;21400.0;7.0;52.142857;250000.0;24.291666;0.0;250000.0;24.291666;0.0;250000.0;24.291666;0.0;1.0;1.0;0.0;0.0;0.0;250000.0;24.291666;0.0;0.0;0.0;0.0;0.0;0.0;0.0;0.0;0.0;0.0;0.0;0.0;0.0;0.0;0.0;0.0;0.0;0
29631;1;0;20000.0;50.0;7.0;20000.0;50.0;7.0;20000.0;50.0;7.0;1.0;20000.0;7.0;52.142857;10500.0;15.5;0.0;10500.0;15.5;0.0;10500.0;15.5;0.0;1.0;1.0;0.0;0.0;0.0;10500.0;15.5;0.0;0.0;0.0;0.0;0.0;0.0;0.0;0.0;0.0;0.0;0.0;0.0;0.0;0.0;0.0;0.0;0.0;0
29637;1;0;0.0;0.0;7.0;34730.0;70.0;581.2;19717.947;14.705882;204.94737;0.8947368;19500.0;119.0;4.736887;4780.0;2.3416667;-9.508333;25820.0;73.166664;1.8333334;13894.737;25.872807;-3.5787036;1.0;1.0;0.0;0.0;0.0;11237.5;13.208333;-1.375;49.03333333333333;4.649898;0.0;0.0;0.0;0.0;0.0;0.0;0.0;0.0;0.0;0.0;0.0;0.0;0.0;0.0;1
29639;1;0;0.0;0.0;0.0;0.0;0.0;0.0;0.0;0.0;0.0;0.0;0.0;0.0;0.0;13000.0;310.33334;0.0;13000.0;310.33334;0.0;13000.0;310.33334;0.0;1.0;1.0;0.0;0.0;0.0;13000.0;310.33334;0.0;0.0;0.0;0.0;0.0;0.0;0.0;0.0;0.0;0.0;0.0;0.0;0.0;0.0;0.0;0.0;0.0;0
29641;1;0;70000.0;100.0;7.0;70000.0;100.0;7.0;70000.0;100.0;7.0;1.0;70000.0;7.0;52.142857;35000.0;12.445833;0.0;35000.0;107.34583;0.0;35000.0;59.895832;0.0;1.0;1.0;0.0;0.0;0.0;35000.0;59.895832;0.0;0.011111111111111112;2160.0;0.0;0.0;0.0;0.0;0.0;0.0;0.0;0.0;0.0;0.0;0.0;0.0;0.0;0.0;0
29645;1;0;10000.0;0.0;7.0;10000.0;0.0;7.0;10000.0;0.0;7.0;1.0;10000.0;7.0;52.142857;10000.0;4.1666665;0.0;10000.0;4.1666665;0.0;10000.0;4.1666665;0.0;1.0;1.0;0.0;0.0;0.0;10000.0;4.1666665;0.0;0.0;0.0;0.0;0.0;0.0;0.0;0.0;0.0;0.0;0.0;0.0;0.0;0.0;0.0;0.0;0.0;0
29647;1;0;20000.0;0.0;7.0;20000.0;0.0;7.0;20000.0;0.0;7.0;1.0;20000.0;7.0;52.142857;2300.0;0.0;0.0;2300.0;0.0;0.0;2300.0;0.0;0.0;0.0;0.0;1.0;0.0;0.0;2300.0;0.0;0.0;0.0;0.0;0.0;0.0;0.0;0.0;0.0;0.0;0.0;0.0;0.0;0.0;0.0;0.0;0.0;0.0;0
29649;1;0;7840.0;0.0;7.0;7840.0;0.0;7.0;7840.0;0.0;7.0;1.0;7840.0;7.0;52.142857;7840.0;15.208333;0.0;7840.0;15.208333;0.0;7840.0;15.208333;0.0;1.0;1.0;0.0;0.0;0.0;7840.0;15.208333;0.0;0.0;0.0;0.0;0.0;0.0;0.0;0.0;0.0;0.0;0.0;0.0;0.0;0.0;0.0;0.0;0.0;0
29653;0;0;42190.0;0.0;452.0;42190.0;0.0;452.0;42190.0;0.0;452.0;1.0;42190.0;452.0;0.8075221;7747.0;0.0;0.0;34443.0;0.0;0.0;21095.0;0.0;0.0;0.0;0.0;1.0;0.0;0.0;21095.0;0.0;0.0;0.0;0.0;0.0;0.0;0.0;0.0;0.0;0.0;0.0;0.0;0.0;0.0;0.0;0.0;0.0;0.0;0
29659;1;0;9630.0;0.0;77.4;185065.0;0.0;1147.0;85330.0;0.0;660.4;1.0;44100.0;959.0;3.1822145;10000.0;16.166666;0.0;68325.0;67.375;0.0;43295.453;43.075;0.0;0.90909094;0.90909094;0.09090909;0.0;0.0;34900.0;51.166668;0.0;5.855555555555555;22.542694;30670.0;-0.45833334;276030.0;-0.45833334;0.5;153350.0;-0.45833334;0.5;0.0;0.0;0.0;0.5;153350.0;-0.45833334;0
29661;1;0;0.8;0.0;9.4;43810.0;0.0;1054.6;23277.889;0.0;367.0;0.7777778;24900.0;163.0;2.3264873;5000.0;8.375;-63.491665;21275.0;109.88333;-29.958334;13106.667;50.40625;-44.98611;0.8;0.8;0.2;0.0;0.0;11600.0;25.8125;-36.291668;46.69861111111111;3.8545043;0.0;5.5;0.0;5.5;1.0;0.0;5.5;1.0;0.0;0.0;0.0;0.0;0.0;5.5;1
29667;1;0;7240.4;0.0;61.4;36347.6;0.0;154.2;19370.0;0.0;111.0;1.0;7250.0;127.0;2.822165;4067.6;33.283333;0.0;33730.0;38.883335;0.0;16957.334;35.63889;0.0;1.0;1.0;0.0;0.0;0.0;7250.0;33.416668;0.0;3.172222222222222;11.348512;0.0;0.0;0.0;0.0;0.0;0.0;0.0;0.0;0.0;0.0;0.0;0.0;0.0;0.0;0
29669;0;0;3885.0;0.0;35.8;31500.0;100.0;429.7;17185.172;68.57143;229.44118;0.82857144;14175.0;198.5;10.479901;3937.5;1.9333333;-3.9375;31500.0;34.608334;10.2;16449.139;15.095589;2.976852;0.9166667;0.9444444;0.055555556;0.0;0.0;14446.5;10.75;0.5833333;38.4625;11.231719;0.0;0.0;0.0;0.0;0.0;0.0;0.0;0.0;0.0;0.0;0.0;0.0;0.0;0.0;0
29673;0;0;0.0;0.0;6.1;51910.277;100.0;334.4;21705.74;50.0;153.125;1.0;9497.5;90.5;2.3321908;2075.0;4.366667;-183.62083;30958.3;334.8;-9.254167;13210.267;139.325;-96.4375;0.8333333;0.8333333;0.16666667;0.0;0.0;6597.5;45.166668;-96.4375;42.77361111111111;1.6832808;0.0;0.0;0.0;0.0;0.0;0.0;0.0;0.0;0.0;0.0;0.0;0.0;0.0;0.0;1
29675;0;0;1300.0;0.0;18.1;10080.0;0.0;716.0;4735.9;5.263158;192.05;0.95;3300.0;39.0;5.3284674;3140.0;0.5875;0.26666668;12001.8;36.4125;4.633333;5212.8;15.175926;2.4305556;0.9;0.9;0.1;0.0;0.0;3300.0;8.979167;2.3333333;44.1625;5.434475;50700.0;3.9958334;50700.0;39.295834;1.0;50700.0;21.645834;0.5;0.5;0.0;0.0;0.0;50700.0;21.645834;0
29677;0;0;1762.6;0.0;7.0;7350.4;100.0;513.4;5737.0347;55.172413;236.48276;1.0;3900.0;165.0;8.224287;1799.3;1.125;-1.25;3900.0;31.704166;6.7916665;3500.4333;14.416667;2.0;1.0;1.0;0.0;0.0;0.0;3900.0;11.791667;-0.25;34.17638888888889;10.533588;0.0;0.0;0.0;0.0;0.0;0.0;0.0;0.0;0.0;0.0;0.0;0.0;0.0;0.0;0
29679;1;0;14900.0;0.0;149.0;14900.0;0.0;149.0;14900.0;0.0;149.0;1.0;14900.0;149.0;2.4496644;4490.0;7.825;0.0;10410.0;11.758333;0.0;7450.0;9.791667;0.0;1.0;1.0;0.0;0.0;0.0;7450.0;9.791667;0.0;0.5305555555555556;45.235603;0.0;0.0;0.0;0.0;0.0;0.0;0.0;0.0;0.0;0.0;0.0;0.0;0.0;0.0;0
771;0;0;3300.0;0.0;7.0;13194.0;0.0;610.7;7131.5;5.0;196.25;1.0;4537.5;60.5;6.5529623;2810.0;1.3583333;-6.633333;12698.2;30.525;1.125;6577.6665;28.68421;-1.9083333;0.7916667;0.7916667;0.20833333;0.0;0.0;4087.5;6.1666665;-0.125;34.47638888888889;8.353543;0.0;0.0;0.0;0.0;0.0;0.0;0.0;0.0;0.0;0.0;0.0;0.0;0.0;0.0;0
29691;1;0;1248.8;20.0;62.8;22240.8;100.0;605.2;10021.333;66.666664;316.66666;1.0;1404.0;230.0;0.9891599;1248.8;3.0;0.0;22240.8;19.033333;0.0;10021.333;10.875;0.0;1.0;1.0;0.0;0.0;0.0;1404.0;10.166667;0.0;12.70138888888889;2.8343358;0.0;0.0;0.0;0.0;0.0;0.0;0.0;0.0;0.0;0.0;0.0;0.0;0.0;0.0;0
29693;1;0;14000.0;0.0;5.8;15645.0;0.0;802.0;14763.0;0.0;355.14285;1.0;14970.0;384.0;2.3548386;14000.0;2.3541667;-23.195833;15645.0;19.4375;-5.7625;14763.0;9.326389;-14.479167;0.85714287;0.85714287;0.14285715;0.0;0.0;14970.0;6.1875;-14.479167;16.540277777777778;5.078512;0.0;0.0;0.0;0.0;0.0;0.0;0.0;0.0;0.0;0.0;0.0;0.0;0.0;0.0;0
29671;0;0;650.0;0.0;33.8;30000.0;79.2;746.4;11742.174;13.0;353.82608;1.0;5200.0;225.0;7.5494604;1690.0;1.675;-6.6666665;30000.0;23.466667;6.6041665;12117.167;16.63447;0.6875;0.9166667;0.9166667;0.083333336;0.0;0.0;7800.0;11.208333;2.125;42.96388888888889;6.703304;1450.0;1.2416667;63700.0;11.233334;0.8333333;37816.5;6.275;0.6666667;0.16666667;0.16666667;0.0;0.0;48299.5;6.75;1
29695;1;0;0.0;0.0;7.0;0.0;0.0;7.0;0.0;0.0;7.0;1.0;0.0;7.0;52.142857;84950.0;56.166668;0.0;124550.0;56.166668;0.0;104750.0;56.166668;0.0;0.5;0.5;0.5;0.0;0.0;104750.0;56.166668;0.0;0.0;0.0;0.0;0.0;0.0;0.0;0.0;0.0;0.0;0.0;0.0;0.0;0.0;0.0;0.0;0.0;1
167;0;0;0.0;0.0;7.0;3682.8;0.0;31.6;1227.6;0.0;15.2;0.8;0.0;7.0;1.4765372;6358.0;16.55;-44.525;7766.0;56.283333;-14.391666;7091.3335;36.416668;-29.458334;0.6666667;0.6666667;0.33333334;0.0;0.0;7238.0;36.416668;-29.458334;42.354166666666664;0.8499754;0.0;0.0;0.0;0.0;0.0;0.0;0.0;0.0;0.0;0.0;0.0;0.0;0.0;0.0;0
29697;1;0;447.9;0.0;75.0;4023.1;0.0;619.0;2235.5;0.0;347.0;1.0;2235.5;347.0;1.0443491;447.9;1.0041667;0.0;4023.1;4.704167;0.0;2235.5;2.8541667;0.0;1.0;1.0;0.0;0.0;0.0;2235.5;2.8541667;0.0;8.679166666666667;2.7652423;0.0;0.0;0.0;0.0;0.0;0.0;0.0;0.0;0.0;0.0;0.0;0.0;0.0;0.0;0
29784;1;0;1450.0;0.0;7.0;8660.0;45.0;721.9;4850.636;11.363636;275.13635;1.0;4750.0;44.0;5.5762277;1450.0;0.20833333;-4.008333;7898.1;20.766666;6.4;4576.75;17.424019;0.525;0.8;0.85;0.15;0.0;0.0;4325.0;3.2083333;-1.4166666;40.638888888888886;5.9056735;0.0;0.0;0.0;0.0;0.0;0.0;0.0;0.0;0.0;0.0;0.0;0.0;0.0;0.0;0
29705;0;0;1575.1;0.0;29.8;30485.0;0.0;750.1;12889.929;7.6923075;363.2857;1.0;11650.0;351.0;4.554367;1459.3;1.2041667;3.0375;30290.0;21.041666;8.670834;12061.357;8.755953;5.8541665;1.0;1.0;0.0;0.0;0.0;8750.0;3.3333333;5.8541665;25.195833333333333;6.667769;0.0;0.0;0.0;0.0;0.0;0.0;0.0;0.0;0.0;0.0;0.0;0.0;0.0;0.0;0
29707;1;0;4725.0;0.0;68.1;74386.0;0.0;760.9;104209.9;0.0;498.1;0.95;40044.0;600.5;6.828812;11960.0;0.30416667;-6.358333;51658.4;79.82917;3.975;34151.35;20.139881;-1.4027778;0.8235294;0.8235294;0.1764706;0.0;0.0;36750.0;1.2708334;-2.4583333;37.4;5.4545455;0.0;0.0;0.0;0.0;0.0;0.0;0.0;0.0;0.0;0.0;0.0;0.0;0.0;0.0;0
29733;1;0;600.0;0.0;6.0;7105.0;0.0;734.8;5299.846;0.0;392.84616;0.9230769;1450.0;343.0;4.048635;776.4;0.45833334;-1.3916667;16105.0;34.675;18.883333;5006.143;31.005953;6.9940476;0.9285714;1.0;0.0;0.0;0.0;1812.5;7.1875;2.5833333;36.797222222222224;4.5655622;0.0;0.0;0.0;0.0;0.0;0.0;0.0;0.0;0.0;0.0;0.0;0.0;0.0;0.0;0
3;1;0;1262.4;10.0;7.2;3880.0;90.0;45.6;2476.0;50.0;24.666666;0.6666667;2000.0;16.0;0.5644209;1350.4;2.4333334;-0.6875;3880.0;36.0;4.8125;2512.6667;17.73611;2.0625;1.0;1.0;0.0;0.0;0.0;2000.0;10.333333;2.0625;39.7;0.906801;0.0;0.0;0.0;0.0;0.0;0.0;0.0;0.0;0.0;0.0;0.0;0.0;0.0;0.0;0
29735;1;0;1450.0;0.0;7.0;1450.0;0.0;7.0;1450.0;0.0;7.0;1.0;1450.0;7.0;52.142857;1450.0;8.458333;0.0;1450.0;8.458333;0.0;1450.0;8.458333;0.0;1.0;1.0;0.0;0.0;0.0;1450.0;8.458333;0.0;0.0;0.0;0.0;0.0;0.0;0.0;0.0;0.0;0.0;0.0;0.0;0.0;0.0;0.0;0.0;0.0;0
29739;1;0;14790.0;0.0;329.9;17110.0;0.0;969.1;15950.0;0.0;649.5;1.0;15950.0;649.5;0.69590086;4060.0;8.416667;0.0;13340.0;50.083332;0.0;8700.0;29.25;0.0;1.0;1.0;0.0;0.0;0.0;8700.0;29.25;0.0;2.9347222222222222;8.177946;0.0;0.0;0.0;0.0;0.0;0.0;0.0;0.0;0.0;0.0;0.0;0.0;0.0;0.0;0
29715;1;0;19965.0;0.0;112.2;28885.0;0.0;945.8;24425.0;0.0;529.0;1.0;24425.0;529.0;0.57614523;18850.0;102.458336;0.0;18850.0;102.458336;0.0;18850.0;102.458336;0.0;1.0;1.0;0.0;0.0;0.0;18850.0;102.458336;0.0;0.0;0.0;0.0;0.0;0.0;0.0;0.0;0.0;0.0;0.0;0.0;0.0;0.0;0.0;0.0;0.0;0
29751;0;0;69250.0;0.0;148.0;69250.0;0.0;148.0;69250.0;0.0;148.0;1.0;69250.0;148.0;2.4662163;24045.0;0.0;0.0;45205.0;0.0;0.0;34625.0;0.0;0.0;0.0;0.0;1.0;0.0;0.0;34625.0;0.0;0.0;0.0;0.0;0.0;0.0;0.0;0.0;0.0;0.0;0.0;0.0;0.0;0.0;0.0;0.0;0.0;0.0;0
777;1;0;10220.0;0.0;33.4;40380.0;40.0;212.6;22833.334;16.666666;125.666664;1.0;10500.0;139.0;1.0777117;10150.0;0.0;0.0;10150.0;0.0;0.0;10150.0;0.0;0.0;0.0;0.0;1.0;0.0;0.0;10150.0;0.0;0.0;0.0;0.0;0.0;0.0;0.0;0.0;0.0;0.0;0.0;0.0;0.0;0.0;0.0;0.0;0.0;0.0;0
29757;1;0;1188.0;0.0;10.0;15700.0;0.0;572.8;6020.5386;0.0;302.0;0.7692308;2900.0;270.0;4.325433;1188.0;1.8083333;-1.8666667;13375.0;12.645833;3.1666667;4639.643;6.571429;0.0787037;1.0;1.0;0.0;0.0;0.0;2900.0;5.3541665;-0.41666666;39.62361111111111;4.2398963;0.0;0.0;0.0;0.0;0.0;0.0;0.0;0.0;0.0;0.0;0.0;0.0;0.0;0.0;0
29763;1;0;100000.0;0.0;993.0;100000.0;0.0;993.0;100000.0;0.0;993.0;1.0;100000.0;993.0;0.36757302;12340.0;6.2083335;0.0;48200.0;48.116665;0.0;29450.0;24.354166;0.0;1.0;1.0;0.0;0.0;0.0;27400.0;17.333334;0.0;1.676388888888889;28.632975;0.0;0.0;0.0;0.0;0.0;0.0;0.0;0.0;0.0;0.0;0.0;0.0;0.0;0.0;0
29765;1;0;435.0;0.0;219.4;3915.0;0.0;902.6;2175.0;0.0;561.0;1.0;2175.0;561.0;0.7388664;4350.0;40.208332;0.0;4350.0;40.208332;0.0;4350.0;40.208332;0.0;1.0;1.0;0.0;0.0;0.0;4350.0;40.208332;0.0;0.0;0.0;0.0;0.0;0.0;0.0;0.0;0.0;0.0;0.0;0.0;0.0;0.0;0.0;0.0;0.0;0
29767;0;0;1144.0;0.0;154.4;15370.0;0.0;868.6;6714.5713;0.0;531.7143;1.0;2900.0;539.0;2.650415;1177.0;1.0041667;-9.1625;8960.0;37.25;-0.4625;4819.0;13.265625;-4.8125;0.8;0.8;0.2;0.0;0.0;2793.0;2.2083333;-4.8125;35.56527777777778;3.3740773;0.0;0.0;0.0;0.0;0.0;0.0;0.0;0.0;0.0;0.0;0.0;0.0;0.0;0.0;0
29769;1;0;65000.0;0.0;83.0;65000.0;0.0;83.0;65000.0;0.0;83.0;1.0;65000.0;83.0;4.39759;9920.0;4.2083335;0.0;30080.0;11.541667;0.0;21666.666;7.263889;0.0;1.0;1.0;0.0;0.0;0.0;30000.0;4.2083335;0.0;0.3055555555555556;117.818184;0.0;0.0;0.0;0.0;0.0;0.0;0.0;0.0;0.0;0.0;0.0;0.0;0.0;0.0;0
29771;1;0;75890.0;0.0;155.0;75890.0;0.0;155.0;75890.0;0.0;155.0;1.0;75890.0;155.0;2.3548386;33909.0;22.375;0.0;41981.0;22.375;0.0;37945.0;22.375;0.0;1.0;1.0;0.0;0.0;0.0;37945.0;22.375;0.0;0.0;0.0;0.0;0.0;0.0;0.0;0.0;0.0;0.0;0.0;0.0;0.0;0.0;0.0;0.0;0.0;0
29775;1;0;3278.0;0.0;180.0;3278.0;0.0;180.0;3278.0;0.0;180.0;1.0;3278.0;180.0;2.0277777;3300.0;0.0;0.0;3476.0;0.0;0.0;3388.0;0.0;0.0;0.0;0.0;1.0;0.0;0.0;3388.0;0.0;0.0;0.0;0.0;0.0;0.0;0.0;0.0;0.0;0.0;0.0;0.0;0.0;0.0;0.0;0.0;0.0;0.0;0
29779;1;0;360.0;0.0;84.4;25866.0;0.0;640.6;12940.2;0.0;412.6;1.0;13950.0;592.0;2.6720352;900.0;16.375;0.0;53106.9;67.979164;0.0;26711.75;36.92361;0.0;0.75;0.75;0.25;0.0;0.0;18086.5;26.416666;0.0;9.827777777777778;9.76823;0.0;0.0;0.0;0.0;0.0;0.0;0.0;0.0;0.0;0.0;0.0;0.0;0.0;0.0;0
29749;1;0;0.0;0.0;8.1;117707.5;100.0;649.9;40870.855;21.428572;201.40475;0.9285714;2600.0;83.5;14.697987;800.0;29.166666;-22.4375;106245.0;101.125;12.545834;32524.074;62.54348;-3.1458333;0.8518519;0.8518519;0.14814815;0.0;0.0;4000.0;42.25;2.5833333;30.270833333333332;10.703372;0.0;0.0;0.0;0.0;0.0;0.0;0.0;0.0;0.0;0.0;0.0;0.0;0.0;0.0;0
29788;1;0;1078.0;0.0;104.0;1078.0;0.0;104.0;1078.0;0.0;104.0;1.0;1078.0;104.0;3.5096154;1078.0;0.0;0.0;1078.0;0.0;0.0;1078.0;0.0;0.0;0.0;0.0;1.0;0.0;0.0;1078.0;0.0;0.0;0.0;0.0;0.0;0.0;0.0;0.0;0.0;0.0;0.0;0.0;0.0;0.0;0.0;0.0;0.0;0.0;0
29790;1;0;1089.0;0.0;68.1;1177.0;0.0;316.9;1133.0;0.0;192.5;1.0;1133.0;192.5;0.99319726;1100.0;3.9541667;0.0;1188.0;9.5875;0.0;1151.3334;6.7708335;0.0;0.6666667;0.6666667;0.33333334;0.0;0.0;1188.0;6.7708335;0.0;12.097222222222221;2.9758897;0.0;0.0;0.0;0.0;0.0;0.0;0.0;0.0;0.0;0.0;0.0;0.0;0.0;0.0;0
29792;1;0;3045.0;0.0;20.1;58950.0;0.0;904.0;22105.0;0.0;354.625;1.0;8095.0;96.0;3.1130064;5365.0;4.325;0.0;43725.0;31.816668;0.0;22105.0;15.366667;0.0;0.625;0.625;0.375;0.0;0.0;10470.0;8.333333;0.0;7.041666666666667;13.633136;0.0;0.0;0.0;0.0;0.0;0.0;0.0;0.0;0.0;0.0;0.0;0.0;0.0;0.0;0
29759;1;0;0.0;0.0;9.4;87295.2;99.0;842.0;34457.89;24.75;384.77777;0.8888889;23300.0;358.0;2.60095;16340.0;0.8333333;1.5583333;50068.6;13.9;18.358334;36129.16;5.9666667;9.958333;1.0;1.0;0.0;0.0;0.0;45508.8;3.3333333;9.958333;26.40972222222222;2.2718906;0.0;0.0;0.0;0.0;0.0;0.0;0.0;0.0;0.0;0.0;0.0;0.0;0.0;0.0;0
5;1;0;0.0;0.0;7.0;113418.0;62.0;570.8;46211.25;18.571428;221.875;1.0;29500.0;102.0;1.6034778;11600.0;42.9;6.4583335;25520.0;70.1;6.4583335;17400.0;56.5;6.4583335;0.6666667;0.6666667;0.33333334;0.0;0.0;11600.0;56.5;6.4583335;14.466666666666667;2.4884794;0.0;0.0;0.0;0.0;0.0;0.0;0.0;0.0;0.0;0.0;0.0;0.0;0.0;0.0;0
29808;1;0;3652.0;10.0;42.5;20228.0;90.0;310.5;11940.0;50.0;176.5;1.0;11940.0;176.5;1.3419118;3494.0;4.0916667;-0.33333334;11150.0;69.09167;-0.33333334;7960.0;31.708334;-0.33333334;1.0;1.0;0.0;0.0;0.0;11150.0;7.2916665;-0.33333334;2.575;13.980582;0.0;0.0;0.0;0.0;0.0;0.0;0.0;0.0;0.0;0.0;0.0;0.0;0.0;0.0;0
29816;1;0;122240.0;0.0;34.4;441760.0;80.0;60.8;256066.67;33.333332;45.666668;1.0;126400.0;36.0;16.343283;23500.0;11.625;0.0;43380.0;11.625;0.0;31600.0;11.625;0.0;0.25;0.25;0.75;0.0;0.0;27000.0;11.625;0.0;0.0;0.0;0.0;0.0;0.0;0.0;0.0;0.0;0.0;0.0;0.0;0.0;0.0;0.0;0.0;0.0;0
29786;1;0;1.0;0.0;88.0;1.0;0.0;88.0;1.0;0.0;88.0;1.0;1.0;88.0;4.1477275;1.0;0.29166666;0.0;1.0;0.29166666;0.0;1.0;0.29166666;0.0;1.0;1.0;0.0;0.0;0.0;1.0;0.29166666;0.0;0.0;0.0;0.0;0.0;0.0;0.0;0.0;0.0;0.0;0.0;0.0;0.0;0.0;0.0;0.0;0.0;0
29747;1;0;0.0;0.0;19.6;197805.0;75.0;697.1;100719.5;15.625;250.3;0.75;47520.0;81.5;5.632716;10150.0;2.525;-26.8;112395.0;106.379166;2.35;54967.35;50.789062;-7.0;0.7647059;0.9411765;0.05882353;0.0;0.0;27550.0;46.416668;0.6666667;36.90138888888889;11.056495;88740.0;0.0;717460.0;0.0;0.0;403100.0;0.0;0.0;0.0;1.0;0.0;0.0;403100.0;0.0;1
29856;1;0;0.0;0.0;17.2;1.0;100.0;893.4;0.61538464;38.46154;428.23077;0.9230769;1.0;349.0;5.301676;1.0;0.25;0.0;1.0;0.6;0.0;1.0;0.425;0.0;0.8333333;0.8333333;0.16666667;0.0;0.0;1.0;0.45833334;0.0;7.786111111111111;9.247235;0.0;0.0;0.0;0.0;0.0;0.0;0.0;0.0;0.0;0.0;0.0;0.0;0.0;0.0;0
29890;0;0;2175.0;0.0;850.0;2175.0;0.0;850.0;2175.0;0.0;850.0;1.0;2175.0;850.0;0.42941177;2175.0;5.5;0.0;2175.0;5.5;0.0;2175.0;5.5;0.0;1.0;1.0;0.0;0.0;0.0;2175.0;5.5;0.0;0.0;0.0;0.0;0.0;0.0;0.0;0.0;0.0;0.0;0.0;0.0;0.0;0.0;0.0;0.0;0.0;0
29902;0;0;1490.0;0.0;92.9;13410.0;0.0;756.1;7450.0;0.0;424.5;0.5;7450.0;424.5;0.87008345;14900.0;1.375;0.0;14900.0;1.375;0.0;14900.0;1.375;0.0;1.0;1.0;0.0;0.0;0.0;14900.0;1.375;0.0;0.0;0.0;0.0;0.0;0.0;0.0;0.0;0.0;0.0;0.0;0.0;0.0;0.0;0.0;0.0;0.0;0
29910;0;1;42450.0;10.0;59.0;182050.0;90.0;195.0;112250.0;50.0;127.0;1.0;112250.0;127.0;3.4433963;42450.0;0.0;0.0;182050.0;0.0;0.0;112250.0;0.0;0.0;0.0;0.0;1.0;0.0;0.0;112250.0;0.0;0.0;0.0;0.0;0.0;0.0;0.0;0.0;0.0;0.0;0.0;0.0;0.0;0.0;0.0;0.0;0.0;0.0;0
29912;1;0;60907.2;0.0;142.8;184100.8;0.0;773.2;122504.0;0.0;458.0;1.0;122504.0;458.0;0.85680753;60907.92;14.291667;0.0;184100.88;14.291667;0.0;122504.4;14.291667;0.0;0.5;0.5;0.5;0.0;0.0;122504.4;14.291667;0.0;0.0;0.0;0.0;0.0;0.0;0.0;0.0;0.0;0.0;0.0;0.0;0.0;0.0;0.0;0.0;0.0;0
29848;1;0;1.0;0.0;23.0;1.0;0.0;23.0;1.0;0.0;23.0;1.0;1.0;23.0;15.869565;1.0;0.5;0.0;1.0;0.5;0.0;1.0;0.5;0.0;1.0;1.0;0.0;0.0;0.0;1.0;0.5;0.0;0.0;0.0;0.0;0.0;0.0;0.0;0.0;0.0;0.0;0.0;0.0;0.0;0.0;0.0;0.0;0.0;0
29948;1;0;0.0;0.0;7.4;7877.4;0.0;62.4;3095.2;0.0;28.8;0.8;0.0;9.0;1.8603466;7598.6;1.9916667;0.0;9670.8;5.925;0.0;8607.8;3.9583333;0.0;0.4;0.4;0.6;0.0;0.0;8435.0;3.9583333;0.0;25.269444444444446;2.3744092;0.0;0.0;0.0;0.0;0.0;0.0;0.0;0.0;0.0;0.0;0.0;0.0;0.0;0.0;0
29916;1;0;13195.0;0.0;837.0;13195.0;0.0;837.0;13195.0;0.0;837.0;1.0;13195.0;837.0;0.43608123;5319.5;7.4875;0.0;7875.5;63.3875;0.0;6597.5;35.4375;0.0;1.0;1.0;0.0;0.0;0.0;6597.5;35.4375;0.0;2.3291666666666666;10.304114;13195.0;0.0;13195.0;0.0;0.0;13195.0;0.0;0.0;0.0;0.0;0.0;0.0;13195.0;0.0;0
29966;1;0;25000.0;0.0;820.0;25000.0;0.0;820.0;25000.0;0.0;820.0;1.0;25000.0;820.0;0.44512194;12500.0;2.625;0.0;12500.0;19.291666;0.0;12500.0;10.958333;0.0;1.0;1.0;0.0;0.0;0.0;12500.0;10.958333;0.0;3.2944444444444443;7.2849917;0.0;0.0;0.0;0.0;0.0;0.0;0.0;0.0;0.0;0.0;0.0;0.0;0.0;0.0;0
29970;0;0;0.0;0.0;0.0;0.0;0.0;0.0;0.0;0.0;0.0;0.0;0.0;0.0;0.0;13974.0;0.0;0.0;17894.0;0.0;0.0;15934.0;0.0;0.0;0.0;0.0;1.0;0.0;0.0;15934.0;0.0;0.0;0.0;0.0;0.0;0.0;0.0;0.0;0.0;0.0;0.0;0.0;0.0;0.0;0.0;0.0;0.0;0.0;0
31026;1;0;6525.0;0.0;799.0;6525.0;0.0;799.0;6525.0;0.0;799.0;1.0;6525.0;799.0;0.45682102;6525.0;20.416666;0.0;6525.0;20.416666;0.0;6525.0;20.416666;0.0;1.0;1.0;0.0;0.0;0.0;6525.0;20.416666;0.0;0.0;0.0;0.0;0.0;0.0;0.0;0.0;0.0;0.0;0.0;0.0;0.0;0.0;0.0;0.0;0.0;0
31028;0;0;0.0;0.0;0.0;0.0;0.0;0.0;0.0;0.0;0.0;0.0;0.0;0.0;0.0;14500.0;0.0;0.0;14500.0;0.0;0.0;14500.0;0.0;0.0;0.0;0.0;1.0;0.0;0.0;14500.0;0.0;0.0;0.0;0.0;0.0;0.0;0.0;0.0;0.0;0.0;0.0;0.0;0.0;0.0;0.0;0.0;0.0;0.0;0
31030;1;0;17400.0;0.0;796.0;17400.0;0.0;796.0;17400.0;0.0;796.0;1.0;17400.0;796.0;0.4585427;8700.0;33.195835;0.0;8700.0;47.429165;0.0;8700.0;40.3125;0.0;1.0;1.0;0.0;0.0;0.0;8700.0;40.3125;0.0;0.5930555555555556;40.468384;0.0;0.0;0.0;0.0;0.0;0.0;0.0;0.0;0.0;0.0;0.0;0.0;0.0;0.0;0
31056;1;0;14500.0;0.0;799.0;14500.0;0.0;799.0;14500.0;0.0;799.0;1.0;14500.0;799.0;0.45682102;14500.0;27.25;0.0;14500.0;27.25;0.0;14500.0;27.25;0.0;1.0;1.0;0.0;0.0;0.0;14500.0;27.25;0.0;0.0;0.0;0.0;0.0;0.0;0.0;0.0;0.0;0.0;0.0;0.0;0.0;0.0;0.0;0.0;0.0;0
31042;1;0;30200.0;0.0;788.0;30200.0;0.0;788.0;30200.0;0.0;788.0;1.0;30200.0;788.0;0.46319798;14220.0;7.825;0.0;15980.0;27.091667;0.0;15100.0;17.458334;0.0;1.0;1.0;0.0;0.0;0.0;15100.0;17.458334;0.0;0.9694444444444444;24.756447;0.0;0.0;0.0;0.0;0.0;0.0;0.0;0.0;0.0;0.0;0.0;0.0;0.0;0.0;0
31048;1;0;42150.0;0.0;788.0;42150.0;0.0;788.0;42150.0;0.0;788.0;1.0;42150.0;788.0;0.46319798;42150.0;3.1666667;0.0;42150.0;3.1666667;0.0;42150.0;3.1666667;0.0;1.0;1.0;0.0;0.0;0.0;42150.0;3.1666667;0.0;0.0;0.0;0.0;0.0;0.0;0.0;0.0;0.0;0.0;0.0;0.0;0.0;0.0;0.0;0.0;0.0;0
31046;1;0;502710.0;10.0;284.0;837190.0;90.0;604.0;669950.0;50.0;444.0;1.0;669950.0;444.0;1.1335404;123120.0;17.445833;0.0;714366.0;57.345833;0.0;364945.0;37.395832;0.0;0.5;0.5;0.5;0.0;0.0;230450.0;37.395832;0.0;1.6625;28.87218;0.0;0.0;0.0;0.0;0.0;0.0;0.0;0.0;0.0;0.0;0.0;0.0;0.0;0.0;0
31062;1;0;1647.0;0.0;222.7;10690.0;0.0;740.0;6617.5;0.0;547.25;1.0;7740.0;712.0;1.9650067;6390.0;4.075;0.0;10790.0;10.175;0.0;8823.333;6.9722223;0.0;0.0;1.0;0.0;0.0;0.0;9990.0;6.2083335;0.0;1.7;21.17647;0.0;0.0;0.0;0.0;0.0;0.0;0.0;0.0;0.0;0.0;0.0;0.0;0.0;0.0;0
31066;1;0;11236.8;0.0;31.2;91640.0;0.0;600.8;48665.332;0.0;268.66666;0.6666667;34800.0;32.0;1.473755;7756.8;4.075;-1.0625;17400.0;46.708332;1.1041666;13382.0;22.36111;0.020833334;1.0;1.0;0.0;0.0;0.0;17400.0;7.2083335;0.020833334;21.945833333333333;1.6404026;0.0;0.0;0.0;0.0;0.0;0.0;0.0;0.0;0.0;0.0;0.0;0.0;0.0;0.0;0
31070;1;0;15900.0;0.0;743.0;15900.0;0.0;743.0;15900.0;0.0;743.0;1.0;15900.0;743.0;0.49125168;15900.0;11.291667;0.0;15900.0;11.291667;0.0;15900.0;11.291667;0.0;1.0;1.0;0.0;0.0;0.0;15900.0;11.291667;0.0;0.0;0.0;0.0;0.0;0.0;0.0;0.0;0.0;0.0;0.0;0.0;0.0;0.0;0.0;0.0;0.0;0
31076;1;0;3000.0;0.0;735.0;3000.0;0.0;735.0;3000.0;0.0;735.0;1.0;3000.0;735.0;0.49659863;1110.0;38.166668;0.0;2790.0;38.166668;0.0;1950.0;38.166668;0.0;0.5;0.5;0.5;0.0;0.0;1950.0;38.166668;0.0;0.0;0.0;0.0;0.0;0.0;0.0;0.0;0.0;0.0;0.0;0.0;0.0;0.0;0.0;0.0;0.0;0
31082;1;0;14500.0;0.0;12.0;14500.0;0.0;12.0;14500.0;0.0;12.0;1.0;14500.0;12.0;30.416666;2940.0;0.0;0.0;2940.0;0.0;0.0;2940.0;0.0;0.0;0.0;0.0;1.0;0.0;0.0;2940.0;0.0;0.0;0.0;0.0;0.0;0.0;0.0;0.0;0.0;0.0;0.0;0.0;0.0;0.0;0.0;0.0;0.0;0.0;0
31084;1;0;17800.0;0.0;6.0;17800.0;0.0;6.0;17800.0;0.0;6.0;1.0;17800.0;6.0;60.833332;17800.0;0.0;0.0;17800.0;0.0;0.0;17800.0;0.0;0.0;0.0;0.0;1.0;0.0;0.0;17800.0;0.0;0.0;0.0;0.0;0.0;0.0;0.0;0.0;0.0;0.0;0.0;0.0;0.0;0.0;0.0;0.0;0.0;0.0;0
31086;1;0;1078.0;0.0;721.0;1078.0;0.0;721.0;1078.0;0.0;721.0;1.0;1078.0;721.0;0.5062413;1078.0;2.4166667;0.0;1078.0;2.4166667;0.0;1078.0;2.4166667;0.0;1.0;1.0;0.0;0.0;0.0;1078.0;2.4166667;0.0;0.0;0.0;0.0;0.0;0.0;0.0;0.0;0.0;0.0;0.0;0.0;0.0;0.0;0.0;0.0;0.0;0
31106;1;0;6258.0;0.0;84.4;85461.6;0.0;682.6;45011.8;0.0;438.2;1.0;49410.0;637.0;2.2256098;25774.5;10.866667;-1.0083333;52252.8;22.254168;1.2583333;42239.75;17.03125;0.125;1.0;1.0;0.0;0.0;0.0;50305.0;18.208334;0.125;26.675;1.7994376;0.0;0.0;0.0;0.0;0.0;0.0;0.0;0.0;0.0;0.0;0.0;0.0;0.0;0.0;0
31108;1;0;0.0;50.0;629.0;0.0;50.0;629.0;0.0;50.0;629.0;1.0;0.0;629.0;0.58028615;1900.0;0.0;0.0;1900.0;0.0;0.0;1900.0;0.0;0.0;0.0;0.0;1.0;0.0;0.0;1900.0;0.0;0.0;0.0;0.0;0.0;0.0;0.0;0.0;0.0;0.0;0.0;0.0;0.0;0.0;0.0;0.0;0.0;0.0;0
31112;1;0;7898.0;0.0;47.0;7898.0;0.0;616.6;7898.0;0.0;329.0;1.0;7898.0;315.0;1.5823699;7898.0;22.129168;2.5;7898.0;27.495832;2.5;7898.0;24.8125;2.5;1.0;1.0;0.0;0.0;0.0;7898.0;24.8125;2.5;12.341666666666667;1.944632;0.0;0.0;0.0;0.0;0.0;0.0;0.0;0.0;0.0;0.0;0.0;0.0;0.0;0.0;0
31114;1;0;2900.0;0.0;9.0;2900.0;0.0;9.0;2900.0;0.0;9.0;1.0;2900.0;9.0;40.555557;2900.0;0.0;0.0;2900.0;0.0;0.0;2900.0;0.0;0.0;0.0;0.0;1.0;0.0;0.0;2900.0;0.0;0.0;0.0;0.0;0.0;0.0;0.0;0.0;0.0;0.0;0.0;0.0;0.0;0.0;0.0;0.0;0.0;0.0;0
31116;1;0;580.0;0.0;214.9;5220.0;0.0;646.1;2900.0;0.0;430.5;1.0;2900.0;430.5;1.0428572;5800.0;3.7916667;0.0;5800.0;3.7916667;0.0;5800.0;3.7916667;0.0;1.0;1.0;0.0;0.0;0.0;5800.0;3.7916667;0.0;0.0;0.0;0.0;0.0;0.0;0.0;0.0;0.0;0.0;0.0;0.0;0.0;0.0;0.0;0.0;0.0;0
31122;1;0;188500.0;0.0;72.0;188500.0;0.0;72.0;188500.0;0.0;72.0;1.0;188500.0;72.0;5.0694447;14500.0;28.541666;0.0;14500.0;28.541666;0.0;14500.0;28.541666;0.0;0.0;0.0;1.0;0.0;0.0;14500.0;28.541666;0.0;0.0;0.0;0.0;0.0;0.0;0.0;0.0;0.0;0.0;0.0;0.0;0.0;0.0;0.0;0.0;0.0;0
31120;1;0;18718.0;0.0;20.8;275935.0;10.0;679.6;125228.8;10.0;322.3;1.0;56999.0;326.0;5.3284674;7250.0;1.1375;-186.62083;96280.0;101.229164;1.8375;32922.31;42.554165;-66.083336;0.6923077;0.7692308;0.23076923;0.0;0.0;14500.0;5.3333335;-0.3125;20.634722222222223;7.560073;0.0;0.0;0.0;0.0;0.0;0.0;0.0;0.0;0.0;0.0;0.0;0.0;0.0;0.0;0
29952;0;0;19530.0;0.0;92.4;59770.0;0.0;167.6;39650.0;0.0;130.0;1.0;39650.0;130.0;2.9674797;7250.0;0.0;0.0;7250.0;0.0;0.0;7250.0;0.0;0.0;0.0;0.0;1.0;0.0;0.0;7250.0;0.0;0.0;0.0;0.0;0.0;0.0;0.0;0.0;0.0;0.0;0.0;0.0;0.0;0.0;0.0;0.0;0.0;0.0;0
31142;1;0;1450.0;0.0;638.0;1450.0;0.0;638.0;1450.0;0.0;638.0;1.0;1450.0;638.0;0.57210034;1450.0;7.2083335;0.0;1450.0;7.2083335;0.0;1450.0;7.2083335;0.0;1.0;1.0;0.0;0.0;0.0;1450.0;7.2083335;0.0;0.0;0.0;0.0;0.0;0.0;0.0;0.0;0.0;0.0;0.0;0.0;0.0;0.0;0.0;0.0;0.0;0
31152;1;0;330.0;0.0;22.8;6344.0;0.0;526.7;2795.0;0.0;248.25;0.75;1440.0;182.0;2.2670808;650.0;0.625;-13.5;4150.0;37.541668;1.3;2063.3333;17.145834;-5.1666665;1.0;1.0;0.0;0.0;0.0;1390.0;13.270833;-0.5;26.11111111111111;2.7574468;0.0;0.0;0.0;0.0;0.0;0.0;0.0;0.0;0.0;0.0;0.0;0.0;0.0;0.0;0
31150;1;0;8239.6;0.0;106.4;48530.0;100.0;592.0;27116.293;21.428572;378.35715;0.9285714;23500.0;388.5;8.124006;7805.6;1.55;-64.92083;25645.0;84.86667;4.366667;16848.96;39.317028;-14.684028;0.73913044;1.0;0.0;0.0;0.0;12000.0;17.666666;-0.33333334;21.6375;12.755632;0.0;0.0;0.0;0.0;0.0;0.0;0.0;0.0;0.0;0.0;0.0;0.0;0.0;0.0;0
31153;1;0;2019.6;0.0;69.0;11258.0;0.0;551.4;7215.3335;0.0;301.33334;1.0;10098.0;257.0;1.752;4044.4;0.6791667;2.075;10929.6;20.216667;14.175;8233.0;8.46875;8.138889;1.0;1.0;0.0;0.0;0.0;10098.0;3.5208333;8.208333;23.809722222222224;2.015983;0.0;0.0;0.0;0.0;0.0;0.0;0.0;0.0;0.0;0.0;0.0;0.0;0.0;0.0;0
31154;1;0;59500.0;0.0;207.0;59500.0;0.0;207.0;59500.0;0.0;207.0;1.0;59500.0;207.0;1.763285;22630.0;0.0;0.0;36870.0;0.0;0.0;29750.0;0.0;0.0;0.0;0.0;1.0;0.0;0.0;29750.0;0.0;0.0;0.0;0.0;0.0;0.0;0.0;0.0;0.0;0.0;0.0;0.0;0.0;0.0;0.0;0.0;0.0;0.0;0
31156;1;0;1188.0;100.0;602.0;1188.0;100.0;602.0;1188.0;100.0;602.0;1.0;1188.0;602.0;0.6063123;1188.0;6.4583335;0.0;1188.0;6.4583335;0.0;1188.0;6.4583335;0.0;1.0;1.0;0.0;0.0;0.0;1188.0;6.4583335;0.0;0.0;0.0;0.0;0.0;0.0;0.0;0.0;0.0;0.0;0.0;0.0;0.0;0.0;0.0;0.0;0.0;0
31174;1;0;1181.25;0.0;7.6;174450.0;0.0;574.0;54737.293;0.0;279.0;0.8333333;13500.0;254.5;4.9324327;5062.5;8.041667;-31.166666;37500.0;50.633335;-31.166666;17483.863;27.967592;-31.166666;0.54545456;0.8181818;0.09090909;0.09090909;0.0;12750.0;22.333334;-31.166666;4.040277777777778;32.67102;0.0;0.0;0.0;0.0;0.0;0.0;0.0;0.0;0.0;0.0;0.0;0.0;0.0;0.0;0
31162;1;0;19900.0;0.0;588.0;19900.0;0.0;588.0;19900.0;0.0;588.0;1.0;19900.0;588.0;0.6207483;19900.0;13.166667;0.0;19900.0;13.166667;0.0;19900.0;13.166667;0.0;1.0;1.0;0.0;0.0;0.0;19900.0;13.166667;0.0;0.0;0.0;0.0;0.0;0.0;0.0;0.0;0.0;0.0;0.0;0.0;0.0;0.0;0.0;0.0;0.0;0
31164;1;0;40600.0;0.0;76.0;40600.0;0.0;76.0;40600.0;0.0;76.0;1.0;40600.0;76.0;4.8026314;12180.0;0.0;0.0;28420.0;0.0;0.0;20300.0;0.0;0.0;0.0;0.0;1.0;0.0;0.0;20300.0;0.0;0.0;0.0;0.0;0.0;0.0;0.0;0.0;0.0;0.0;0.0;0.0;0.0;0.0;0.0;0.0;0.0;0.0;0
31166;1;0;15845.0;0.0;157.9;125017.0;0.0;747.3;59185.0;0.0;477.6111;0.6111111;37275.0;506.0;7.095032;7922.5;0.525;-306.41666;93619.0;192.125;3.9;38620.285;62.751545;-100.55093;0.9285714;0.96428573;0.0;0.035714287;0.0;24950.0;10.25;-5.5833335;20.041666666666668;16.765072;26400.0;286.75;26400.0;286.75;1.0;26400.0;286.75;0.0;0.0;0.0;1.0;0.0;26400.0;286.75;0
31168;1;0;1339.0;0.0;218.5;21010.0;0.0;497.1;9017.5;0.0;340.0;1.0;3625.0;295.5;2.547993;1450.0;1.475;-20.625;14615.0;57.008335;2.6333334;7080.0;23.083334;-6.325;1.0;1.0;0.0;0.0;0.0;4350.0;1.625;-0.6666667;14.702777777777778;4.0808616;28150.0;363.625;28150.0;363.625;1.0;28150.0;363.625;0.0;0.0;0.0;1.0;0.0;28150.0;363.625;0
31170;1;0;2822.0;0.0;571.0;2822.0;0.0;571.0;2822.0;0.0;571.0;1.0;2822.0;571.0;0.6392294;4142.6;6.7083335;0.0;9425.0;41.041668;0.0;7224.0;23.875;0.0;0.6666667;0.6666667;0.33333334;0.0;0.0;9425.0;23.875;0.0;1.0972222222222223;32.810127;0.0;0.0;0.0;0.0;0.0;0.0;0.0;0.0;0.0;0.0;0.0;0.0;0.0;0.0;0
29920;0;1;0.0;0.0;76.6;1160.0;0.0;133.4;483.33334;0.0;105.333336;1.0;0.0;107.0;2.92;1450.0;0.0;0.0;1450.0;0.0;0.0;1450.0;0.0;0.0;0.0;0.0;1.0;0.0;0.0;1450.0;0.0;0.0;0.0;0.0;0.0;0.0;0.0;0.0;0.0;0.0;0.0;0.0;0.0;0.0;0.0;0.0;0.0;0.0;0
29727;1;0;0.0;0.0;58.4;13305.6;0.0;408.6;5108.6;0.0;199.8;1.0;1.0;136.0;1.7249527;10632.6;0.9625;2.4583333;14909.4;4.6625;2.4583333;12771.0;2.8125;2.4583333;1.0;1.0;0.0;0.0;0.0;12771.0;2.8125;2.4583333;12.820833333333333;1.8719532;0.0;0.0;0.0;0.0;0.0;0.0;0.0;0.0;0.0;0.0;0.0;0.0;0.0;0.0;0
31172;1;0;5200.0;0.0;254.0;5200.0;0.0;560.0;5200.0;0.0;448.0;1.0;5200.0;530.0;3.9107144;5200.0;1.8416667;0.0;8588.0;15.641666;0.0;6410.0;7.5416665;0.0;0.71428573;0.71428573;0.2857143;0.0;0.0;5200.0;5.375;0.0;4.191666666666666;20.03976;0.0;0.0;0.0;0.0;0.0;0.0;0.0;0.0;0.0;0.0;0.0;0.0;0.0;0.0;0
29665;1;0;682.5;0.0;7.7;59561.0;0.0;260.8;27105.625;0.0;116.75;0.375;13050.0;51.5;2.0592384;3022.5;0.39166668;-72.875;42775.0;139.45833;3.9166667;23355.625;52.791668;-23.886906;1.0;1.0;0.0;0.0;0.0;23800.0;14.416667;-0.45833334;27.665277777777778;3.4700537;0.0;0.0;0.0;0.0;0.0;0.0;0.0;0.0;0.0;0.0;0.0;0.0;0.0;0.0;1
31178;0;0;20999.0;0.0;12.4;188991.0;0.0;15.6;104995.0;0.0;14.0;1.0;104995.0;14.0;2.8294573;830.0;0.0;0.0;830.0;0.0;0.0;830.0;0.0;0.0;0.0;0.0;1.0;0.0;0.0;830.0;0.0;0.0;0.0;0.0;0.0;0.0;0.0;0.0;0.0;0.0;0.0;0.0;0.0;0.0;0.0;0.0;0.0;0.0;0
31182;1;0;0.0;0.0;21.0;0.0;0.0;21.0;0.0;0.0;21.0;1.0;0.0;21.0;17.380953;1188.0;27.25;0.0;1188.0;27.25;0.0;1188.0;27.25;0.0;0.0;0.0;1.0;0.0;0.0;1188.0;27.25;0.0;0.0;0.0;0.0;0.0;0.0;0.0;0.0;0.0;0.0;0.0;0.0;0.0;0.0;0.0;0.0;0.0;0
31184;0;1;10990.0;0.0;124.2;10990.0;0.0;517.0;10990.0;0.0;353.33334;1.0;10990.0;517.0;2.1179883;10990.0;8.675;0.0;10990.0;11.075;0.0;10990.0;9.875;0.0;1.0;1.0;0.0;0.0;0.0;10990.0;9.875;0.0;1.2333333333333334;19.45946;0.0;0.0;0.0;0.0;0.0;0.0;0.0;0.0;0.0;0.0;0.0;0.0;0.0;0.0;0
31188;1;0;3255.0;100.0;56.0;54000.0;100.0;356.0;52995.465;90.90909;211.54546;0.54545456;18750.0;214.0;5.207523;3625.0;1.25;-21.85;43500.0;235.75833;12.541667;20426.648;115.84196;-10.268333;0.8484849;0.8787879;0.030303031;0.0;0.09090909;12325.0;52.541668;-0.5833333;23.968055555555555;16.521992;0.0;0.0;0.0;0.0;0.0;0.0;0.0;0.0;0.0;0.0;0.0;0.0;0.0;0.0;1
31194;1;0;8000.0;0.0;497.0;8000.0;0.0;497.0;8000.0;0.0;497.0;1.0;8000.0;497.0;0.7344064;8000.0;5.4583335;0.0;8000.0;5.4583335;0.0;8000.0;5.4583335;0.0;1.0;1.0;0.0;0.0;0.0;8000.0;5.4583335;0.0;0.0;0.0;0.0;0.0;0.0;0.0;0.0;0.0;0.0;0.0;0.0;0.0;0.0;0.0;0.0;0.0;0
31190;1;0;0.0;0.0;18.4;176690.0;100.0;301.8;78028.57;50.0;128.0;0.71428573;31200.0;70.0;4.766791;25920.0;5.5958333;-45.633335;64700.0;35.225;1.8416667;42994.445;18.484375;-16.020834;0.8888889;0.8888889;0.11111111;0.0;0.0;36300.0;11.791667;-1.3333334;15.766666666666667;6.8498945;0.0;0.0;0.0;0.0;0.0;0.0;0.0;0.0;0.0;0.0;0.0;0.0;0.0;0.0;0
31202;1;0;40800.0;0.0;37.0;40800.0;0.0;37.0;40800.0;0.0;37.0;1.0;40800.0;37.0;9.864865;20400.0;128.375;0.0;20400.0;128.375;0.0;20400.0;128.375;0.0;0.0;0.0;1.0;0.0;0.0;20400.0;128.375;0.0;0.0;0.0;0.0;0.0;0.0;0.0;0.0;0.0;0.0;0.0;0.0;0.0;0.0;0.0;0.0;0.0;0
31212;1;0;4590.0;0.0;44.2;64894.05;0.0;375.6;37314.523;0.0;201.04546;0.54545456;33045.0;181.0;11.6885;4590.0;14.666667;-1.7666667;64894.05;47.458332;8.941667;37314.523;25.785715;1.1315789;0.90909094;0.95454544;0.045454547;0.0;0.0;33045.0;23.375;0.5;15.631944444444445;16.888494;0.0;0.0;0.0;0.0;0.0;0.0;0.0;0.0;0.0;0.0;0.0;0.0;0.0;0.0;0
31210;1;0;17095.0;0.0;229.1;65700.0;0.0;417.3;40413.625;0.0;328.75;1.0;37165.0;333.5;5.9591837;17095.0;3.8666666;-3.375;65700.0;35.0125;16.770834;40413.625;20.78125;4.5208335;0.875;1.0;0.0;0.0;0.0;37165.0;22.8125;0.16666667;8.440277777777778;11.374033;0.0;0.0;0.0;0.0;0.0;0.0;0.0;0.0;0.0;0.0;0.0;0.0;0.0;0.0;0
31208;1;0;2275.0;0.0;116.5;53250.0;100.0;423.5;22125.0;66.666664;305.66666;1.0;10850.0;377.0;4.6695094;3950.0;10.141666;2.5416667;54270.0;39.891666;2.5416667;26290.0;25.341667;2.5416667;1.0;1.0;0.0;0.0;0.0;16700.0;27.458334;2.5416667;3.5625;16.842106;0.0;0.0;0.0;0.0;0.0;0.0;0.0;0.0;0.0;0.0;0.0;0.0;0.0;0.0;0
31206;1;0;5525.0;0.0;8.0;122125.0;0.0;377.0;54966.195;0.0;198.91667;0.6388889;38885.0;196.0;18.32636;5575.0;3.15;-5.7916665;100852.0;51.666668;7.525;49123.184;23.572073;0.6666667;0.94736844;0.9736842;0.0;0.02631579;0.0;34985.0;21.5;0.5;19.830555555555556;22.994818;0.0;0.0;0.0;0.0;0.0;0.0;0.0;0.0;0.0;0.0;0.0;0.0;0.0;0.0;0
31220;1;0;16395.0;0.0;90.7;83715.0;0.0;556.1;47475.0;0.0;319.0;0.25;41025.0;308.0;1.9109948;5352.5;4.2;-5.4166665;37662.5;240.26666;14.3125;21156.3;89.75;3.1388888;0.9;0.9;0.0;0.1;0.0;21187.5;20.666666;0.5208333;24.323611111111113;4.933478;0.0;0.0;0.0;0.0;0.0;0.0;0.0;0.0;0.0;0.0;0.0;0.0;0.0;0.0;1
31222;1;0;1160.0;0.0;59.1;34320.0;0.0;120.9;14100.0;0.0;91.0;0.4;5850.0;93.5;2.527701;1450.0;2.5916667;-8.258333;19890.0;25.458334;1.3916667;9431.0;11.184524;-2.3166666;0.875;0.875;0.125;0.0;0.0;4674.0;3.6666667;-0.41666666;23.131944444444443;4.150105;0.0;0.0;0.0;0.0;0.0;0.0;0.0;0.0;0.0;0.0;0.0;0.0;0.0;0.0;1
31232;1;0;37700.0;0.0;431.0;37700.0;0.0;431.0;37700.0;0.0;431.0;1.0;37700.0;431.0;0.84686774;17690.0;9.704166;-5.9791665;20010.0;11.3375;-1.1458334;18850.0;10.520833;-3.5625;1.0;1.0;0.0;0.0;0.0;18850.0;10.520833;-3.5625;2.797222222222222;8.579941;0.0;0.0;0.0;0.0;0.0;0.0;0.0;0.0;0.0;0.0;0.0;0.0;0.0;0.0;0
31228;1;0;3715.4;0.0;165.7;16959.4;0.0;390.3;9655.0;0.0;286.0;1.0;7949.0;306.0;3.4272301;2822.0;0.93333334;-133.54167;9950.0;131.46666;9.208333;5530.75;46.613094;-41.381943;0.875;0.875;0.125;0.0;0.0;4596.0;5.25;0.1875;21.0125;4.568709;10098.0;82.75;10098.0;82.75;1.0;10098.0;82.75;1.0;0.0;0.0;0.0;0.0;10098.0;82.75;0
31238;1;0;7950.0;0.0;7.0;166200.0;10.0;338.6;64491.668;10.0;83.833336;0.5;22950.0;21.0;8.141264;7500.0;2.4708333;-232.775;79300.0;336.69583;9.770833;44761.54;191.90277;-70.359375;0.84615386;0.9230769;0.07692308;0.0;0.0;21000.0;228.35417;-1.2708334;22.731944444444444;6.8625894;169000.0;31.666666;169000.0;31.666666;1.0;169000.0;31.666666;0.0;1.0;0.0;0.0;0.0;169000.0;31.666666;1
31240;1;0;870.0;0.0;212.5;7830.0;0.0;416.5;4350.0;0.0;314.5;1.0;4350.0;314.5;1.6515837;8700.0;47.541668;-16.583334;8700.0;47.541668;-16.583334;8700.0;47.541668;-16.583334;1.0;1.0;0.0;0.0;0.0;8700.0;47.541668;-16.583334;0.0;0.0;0.0;0.0;0.0;0.0;0.0;0.0;0.0;0.0;0.0;0.0;0.0;0.0;0.0;0.0;0
31242;1;0;3498.0;0.0;28.0;3498.0;0.0;28.0;3498.0;0.0;28.0;1.0;3498.0;28.0;13.035714;3498.0;28.275;1.5833334;3498.0;40.808334;1.5833334;3498.0;34.541668;1.5833334;1.0;1.0;0.0;0.0;0.0;3498.0;34.541668;1.5833334;13.9875;1.7158177;0.0;0.0;0.0;0.0;0.0;0.0;0.0;0.0;0.0;0.0;0.0;0.0;0.0;0.0;0
31246;1;0;5580.0;0.0;46.1;175400.0;0.0;391.7;76650.0;0.0;231.5;0.75;42050.0;263.0;3.5180724;5580.0;4.383333;-180.63333;162824.0;174.55417;-3.7333333;66170.0;67.739586;-77.541664;1.0;1.0;0.0;0.0;0.0;21090.0;13.416667;-4.3333335;19.84027777777778;2.419321;0.0;0.0;0.0;0.0;0.0;0.0;0.0;0.0;0.0;0.0;0.0;0.0;0.0;0.0;0
31260;1;0;580.0;0.0;224.8;5220.0;0.0;359.2;2900.0;0.0;292.0;1.0;2900.0;292.0;1.9414893;2900.0;1.7958333;-14.375;2900.0;13.829166;-14.375;2900.0;7.8125;-14.375;0.5;1.0;0.0;0.0;0.0;2900.0;7.8125;-14.375;0.2;120.0;0.0;0.0;0.0;0.0;0.0;0.0;0.0;0.0;0.0;0.0;0.0;0.0;0.0;0.0;0
31258;1;0;18850.0;0.0;363.0;18850.0;0.0;363.0;18850.0;0.0;363.0;1.0;18850.0;363.0;1.0055096;18850.0;40.791668;-37.833332;18850.0;40.791668;-37.833332;18850.0;40.791668;-37.833332;1.0;1.0;0.0;0.0;0.0;18850.0;40.791668;-37.833332;0.0;0.0;0.0;0.0;0.0;0.0;0.0;0.0;0.0;0.0;0.0;0.0;0.0;0.0;0.0;0.0;0
44956;1;0;16344.0;0.0;61.5;160125.0;0.0;525.5;79823.0;0.0;282.83334;0.16666667;63000.0;261.5;3.7181664;18650.0;0.5;-312.69168;51450.0;362.25;2.8791666;40742.547;160.73106;-110.4125;1.0;1.0;0.0;0.0;0.0;31500.0;165.16667;-12.333333;13.190277777777778;10.007371;0.0;0.0;0.0;0.0;0.0;0.0;0.0;0.0;0.0;0.0;0.0;0.0;0.0;0.0;0
31266;0;1;1450.0;0.0;89.3;13050.0;0.0;331.7;7250.0;0.0;210.5;1.0;7250.0;210.5;2.0165746;14500.0;4.1666665;-3.2083333;14500.0;4.1666665;-3.2083333;14500.0;4.1666665;-3.2083333;1.0;1.0;0.0;0.0;0.0;14500.0;4.1666665;-3.2083333;0.0;0.0;0.0;0.0;0.0;0.0;0.0;0.0;0.0;0.0;0.0;0.0;0.0;0.0;0.0;0.0;0
31262;1;0;1520.0;0.0;10.2;21439.2;45.0;317.4;9749.6;15.0;166.2;0.8;5850.0;187.0;5.0;2912.5;2.4791667;-4.9791665;18099.0;15.395833;0.14583333;9129.333;9.631945;-2.0;1.0;1.0;0.0;0.0;0.0;6376.5;11.020833;-0.9583333;20.0375;3.5932627;0.0;0.0;0.0;0.0;0.0;0.0;0.0;0.0;0.0;0.0;0.0;0.0;0.0;0.0;1
31272;1;0;19754.0;0.0;350.0;19754.0;0.0;350.0;19754.0;0.0;350.0;1.0;19754.0;350.0;1.0428572;19754.0;0.33333334;0.0;19754.0;0.33333334;0.0;19754.0;0.33333334;0.0;1.0;1.0;0.0;0.0;0.0;19754.0;0.33333334;0.0;0.0;0.0;0.0;0.0;0.0;0.0;0.0;0.0;0.0;0.0;0.0;0.0;0.0;0.0;0.0;0.0;0
44668;1;0;4020.0;0.0;7.0;90400.0;0.0;363.0;35692.855;0.0;135.71428;0.2857143;15600.0;39.0;4.620253;7080.0;6.7916665;-135.6375;82300.0;142.59584;6.483333;34618.875;59.03125;-47.822918;1.0;1.0;0.0;0.0;0.0;14950.0;15.854167;-4.1041665;15.629166666666666;6.142362;50000.0;0.0;50000.0;0.0;0.0;50000.0;0.0;0.0;0.0;1.0;0.0;0.0;50000.0;0.0;0
31096;1;0;8320.0;0.0;514.8;36160.0;0.0;722.0;24500.0;0.0;634.3333;1.0;35800.0;714.0;1.5124309;35845.0;2.5;-0.5416667;36205.0;2.5;-0.5416667;36025.0;2.5;-0.5416667;1.0;1.0;0.0;0.0;0.0;36025.0;2.5;-0.5416667;0.0;0.0;0.0;0.0;0.0;0.0;0.0;0.0;0.0;0.0;0.0;0.0;0.0;0.0;0.0;0.0;0
31284;1;0;1302.8;0.0;320.0;2221.2;0.0;336.0;1762.0;0.0;328.0;1.0;1762.0;328.0;2.1597633;1302.8;3.3416667;-2.65;2221.2;9.408334;1.8166667;1762.0;6.375;-0.41666666;1.0;1.0;0.0;0.0;0.0;1762.0;6.375;-0.41666666;0.17916666666666667;133.95349;0.0;0.0;0.0;0.0;0.0;0.0;0.0;0.0;0.0;0.0;0.0;0.0;0.0;0.0;0
31276;1;0;7574.45;0.0;104.5;18270.0;0.0;337.0;13614.816;0.0;243.83333;0.8333333;15000.0;290.0;6.2393165;4950.0;1.3833333;-2.5458333;15654.0;125.525;4.4875;10863.8;51.520832;0.9375;0.8;0.8;0.2;0.0;0.0;10250.0;36.625;0.625;13.219444444444445;9.077538;0.0;0.0;0.0;0.0;0.0;0.0;0.0;0.0;0.0;0.0;0.0;0.0;0.0;0.0;0
31296;1;0;5490.0;0.0;80.0;47653.2;0.0;348.8;23058.0;0.0;224.0;1.0;5490.0;272.0;2.9755435;5490.0;13.7;-9.341666;38539.8;15.966666;-0.40833333;17293.5;14.833333;-4.875;0.5;0.5;0.5;0.0;0.0;5490.0;14.833333;-4.875;1.261111111111111;38.061672;0.0;0.0;0.0;0.0;0.0;0.0;0.0;0.0;0.0;0.0;0.0;0.0;0.0;0.0;0
43172;1;0;14000.0;0.0;107.0;102000.0;80.0;339.8;60000.0;33.333332;240.0;0.6666667;70000.0;323.0;2.6904178;74000.0;141.5125;-336.62082;106000.0;343.27917;-137.25417;90000.0;242.39583;-236.9375;1.0;1.0;0.0;0.0;0.0;90000.0;242.39583;-236.9375;9.606944444444444;2.4981928;0.0;0.0;0.0;0.0;0.0;0.0;0.0;0.0;0.0;0.0;0.0;0.0;0.0;0.0;0
43174;1;0;9580.0;19.8;154.2;85700.0;99.0;322.2;45683.332;66.0;251.66667;1.0;35900.0;319.0;3.3900928;5449.0;0.8333333;0.5416667;37125.0;5.9791665;1.6416667;24158.0;3.3958333;0.9916667;1.0;1.0;0.0;0.0;0.0;29900.0;3.375;0.625;11.730555555555556;6.137817;0.0;0.0;0.0;0.0;0.0;0.0;0.0;0.0;0.0;0.0;0.0;0.0;0.0;0.0;0
43182;1;0;1920.0;0.0;23.8;71040.0;0.0;333.2;25170.47;0.0;165.23529;0.5882353;16000.0;188.0;10.606837;7428.2;5.116667;-18.883333;43440.0;128.56667;1.9583334;26089.8;55.905094;-8.8529415;0.9;0.9;0.1;0.0;0.0;16400.0;31.458334;-1.3333334;19.805555555555557;12.117812;0.0;0.0;0.0;0.0;0.0;0.0;0.0;0.0;0.0;0.0;0.0;0.0;0.0;0.0;1
30298;1;0;6825.0;0.0;5.5;61350.0;0.0;373.3;30478.125;0.0;156.625;0.5;20475.0;86.5;3.340961;9750.0;0.41666666;-154.14166;66100.0;128.375;1.1;28301.0;40.397728;-53.083332;0.84615386;0.84615386;0.15384616;0.0;0.0;18500.0;11.208333;-20.520834;17.033333333333335;9.158513;0.0;0.0;0.0;0.0;0.0;0.0;0.0;0.0;0.0;0.0;0.0;0.0;0.0;0.0;1
31292;1;0;1160.0;0.0;63.8;48160.0;0.0;321.4;21516.666;0.0;209.0;1.0;5800.0;291.0;2.9435484;6289.2;68.629166;-234.45833;10202.8;223.99583;-234.45833;8246.0;146.3125;-234.45833;1.0;1.0;0.0;0.0;0.0;8246.0;146.3125;-234.45833;2.859722222222222;8.392424;0.0;0.0;0.0;0.0;0.0;0.0;0.0;0.0;0.0;0.0;0.0;0.0;0.0;0.0;0
44672;1;0;15840.0;0.0;10.6;38868.0;0.0;312.4;28736.0;0.0;161.4;0.4;31500.0;162.0;3.9934354;18450.0;82.833336;-266.3125;37275.0;288.27084;-0.875;29075.0;177.1875;-116.0625;1.0;1.0;0.0;0.0;0.0;31500.0;160.45833;-81.0;11.01388888888889;6.5372005;0.0;0.0;0.0;0.0;0.0;0.0;0.0;0.0;0.0;0.0;0.0;0.0;0.0;0.0;0
43208;1;0;2330.0;0.0;15.8;8180.4;70.0;285.0;5286.0;25.0;153.8;0.6;5346.0;168.0;6.1864405;1950.0;1.0;-19.941668;29012.4;85.416664;1.3916667;12330.0;29.97619;-6.625;1.0;1.0;0.0;0.0;0.0;5346.0;5.1666665;0.0;16.35;5.1376147;0.0;103.583336;0.0;103.583336;1.0;0.0;103.583336;1.0;0.0;0.0;0.0;0.0;0.0;103.583336;0
44666;1;0;55800.0;99.0;286.0;55800.0;99.0;286.0;55800.0;99.0;286.0;1.0;55800.0;286.0;1.2762238;4850.0;10.491667;-0.43333334;32700.0;13.091666;-0.23333333;18962.5;11.791667;-0.33333334;0.6666667;0.6666667;0.33333334;0.0;0.0;19900.0;11.791667;-0.33333334;0.10833333333333334;332.30768;0.0;0.0;0.0;0.0;0.0;0.0;0.0;0.0;0.0;0.0;0.0;0.0;0.0;0.0;0
43274;0;0;2900.0;0.0;8.8;26100.0;0.0;23.2;14500.0;0.0;16.0;1.0;14500.0;16.0;6.6972475;29000.0;5.4166665;-0.45833334;29000.0;5.4166665;-0.45833334;29000.0;5.4166665;-0.45833334;1.0;1.0;0.0;0.0;0.0;29000.0;5.4166665;-0.45833334;0.0;0.0;0.0;0.0;0.0;0.0;0.0;0.0;0.0;0.0;0.0;0.0;0.0;0.0;0.0;0.0;0
44676;1;0;0.0;0.0;-2.6;97983.2;0.0;112.2;44855.5;0.0;43.625;0.625;30000.0;7.0;6.058091;14775.0;1.4791666;-0.11666667;100947.0;28.775;2.1791666;48724.0;12.03125;0.9270833;0.6666667;0.6666667;0.16666667;0.16666667;0.0;30450.0;4.2916665;0.6666667;5.173611111111111;13.916779;0.0;51.208332;0.0;51.208332;1.0;0.0;51.208332;1.0;0.0;0.0;0.0;0.0;0.0;51.208332;0
44686;0;0;2900.0;0.0;59.8;115680.0;59.4;256.8;41835.715;19.8;156.42857;0.5714286;11700.0;180.0;6.3242574;3780.0;2.2083333;-3.25;35587.5;29.8375;2.5;25740.666;17.833334;-1.2689394;1.0;1.0;0.0;0.0;0.0;24200.0;14.291667;0.41666666;13.244444444444444;10.872483;0.0;0.0;0.0;0.0;0.0;0.0;0.0;0.0;0.0;0.0;0.0;0.0;0.0;0.0;0
44660;1;0;7800.0;0.0;26.2;54830.0;50.0;202.7;29925.0;25.0;96.75;0.75;26450.0;52.5;5.680934;3900.0;3.9;-3.5416667;41175.0;9.5;-3.5416667;19950.0;7.1666665;-3.5416667;0.5;0.5;0.5;0.0;0.0;14775.0;9.5;-3.5416667;0.0;0.0;0.0;0.0;0.0;0.0;0.0;0.0;0.0;0.0;0.0;0.0;0.0;0.0;0.0;0.0;0
44678;0;1;3619.6;0.0;33.4;14019.6;72.0;55.8;9032.667;30.0;43.666668;0.33333334;10098.0;39.0;6.366279;2000.0;2.9958334;-0.5;12400.0;9.629167;-0.5;6333.3335;6.3125;-0.5;0.6666667;0.6666667;0.33333334;0.0;0.0;2000.0;6.3125;-0.5;5.709722222222222;6.305035;0.0;0.0;0.0;0.0;0.0;0.0;0.0;0.0;0.0;0.0;0.0;0.0;0.0;0.0;0
44604;1;0;31785.0;99.0;229.0;52065.0;99.0;261.0;41925.0;99.0;245.0;1.0;41925.0;245.0;2.7547169;11450.0;0.7583333;-15.283334;22425.0;24.641666;3.1833334;16770.0;13.125;-3.5666666;0.8;1.0;0.0;0.0;0.0;15250.0;15.375;1.625;1.4305555555555556;41.941746;0.0;0.0;0.0;0.0;0.0;0.0;0.0;0.0;0.0;0.0;0.0;0.0;0.0;0.0;0
44954;1;0;1950.0;0.0;231.0;1950.0;0.0;231.0;1950.0;0.0;231.0;1.0;1950.0;231.0;1.5800866;1950.0;1.4583334;0.0;1950.0;1.4583334;0.0;1950.0;1.4583334;0.0;1.0;1.0;0.0;0.0;0.0;1950.0;1.4583334;0.0;0.0;0.0;0.0;0.0;0.0;0.0;0.0;0.0;0.0;0.0;0.0;0.0;0.0;0.0;0.0;0.0;0
35068;0;0;0.0;99.0;-210.8;85687.5;99.0;258.2;35062.5;99.0;31.6;0.8333333;19500.0;7.0;6.0164833;7870.0;2.9541667;-11.166667;21400.0;40.166668;12.854167;13726.444;17.609375;-0.9010417;0.8888889;0.8888889;0.11111111;0.0;0.0;10725.0;14.25;-2.9583333;11.061111111111112;9.763938;0.0;0.0;0.0;0.0;0.0;0.0;0.0;0.0;0.0;0.0;0.0;0.0;0.0;0.0;0
38230;0;0;7800.0;0.0;218.0;7800.0;0.0;218.0;7800.0;0.0;218.0;1.0;7800.0;218.0;1.6743119;3900.0;3.5208333;2.1375;3900.0;13.020833;6.2375;3900.0;8.270833;4.1875;1.0;1.0;0.0;0.0;0.0;3900.0;8.270833;4.1875;0.39444444444444443;60.84507;0.0;0.0;0.0;0.0;0.0;0.0;0.0;0.0;0.0;0.0;0.0;0.0;0.0;0.0;0
44682;0;0;28470.0;19.8;42.4;146160.0;99.8;302.2;76785.0;66.333336;175.2;0.4;54600.0;211.0;4.010989;16038.0;5.5916667;-65.225;92820.0;88.433334;-0.49166667;46222.332;38.815475;-25.0;0.7777778;0.7777778;0.22222222;0.0;0.0;20962.5;11.333333;-4.5833335;14.927777777777777;7.234834;0.0;0.0;0.0;0.0;0.0;0.0;0.0;0.0;0.0;0.0;0.0;0.0;0.0;0.0;1
44964;0;0;10548.0;19.8;193.2;69588.0;99.0;248.4;36980.0;66.0;219.0;1.0;21540.0;210.0;4.244186;7770.0;0.9291667;-1.7458333;26400.0;28.870832;1.9916667;16749.0;11.161458;-0.203125;0.8;0.8;0.2;0.0;0.0;13650.0;4.7916665;-0.8333333;2.223611111111111;53.96627;0.0;0.0;0.0;0.0;0.0;0.0;0.0;0.0;0.0;0.0;0.0;0.0;0.0;0.0;0
44968;1;0;4125.0;0.0;194.0;15525.0;0.0;202.0;9825.0;0.0;198.0;1.0;9825.0;198.0;3.596059;3600.0;0.38333333;-2.8583333;9240.0;2.8166666;-0.425;6550.0;1.4027778;-1.4444444;1.0;1.0;0.0;0.0;0.0;7200.0;0.41666666;-0.45833334;0.3680555555555556;97.81132;0.0;0.0;0.0;0.0;0.0;0.0;0.0;0.0;0.0;0.0;0.0;0.0;0.0;0.0;0
44972;1;0;3030.0;0.0;201.0;7270.0;0.0;201.0;5150.0;0.0;201.0;1.0;5150.0;201.0;3.6318407;3030.0;1.2875;1.7041667;7270.0;2.2541666;2.6708333;5150.0;1.7708334;2.1875;1.0;1.0;0.0;0.0;0.0;5150.0;1.7708334;2.1875;0.40555555555555556;59.17808;0.0;0.0;0.0;0.0;0.0;0.0;0.0;0.0;0.0;0.0;0.0;0.0;0.0;0.0;0
31248;1;0;0.0;0.0;24.0;70600.0;0.0;189.6;26980.0;0.0;124.4;1.0;11700.0;189.0;3.9587853;8120.0;13.058333;3.0916667;11080.0;43.491665;5.491667;9433.333;30.805555;4.486111;1.0;1.0;0.0;0.0;0.0;8600.0;43.458332;5.4583335;1.4;25.714285;0.0;0.0;0.0;0.0;0.0;0.0;0.0;0.0;0.0;0.0;0.0;0.0;0.0;0.0;0
44684;1;0;35406.0;0.0;28.6;115134.0;0.0;33.4;75270.0;0.0;31.0;1.0;75270.0;31.0;21.470589;34134.0;0.0;0.0;62550.0;0.0;0.0;50710.0;0.0;0.0;0.0;0.0;1.0;0.0;0.0;62550.0;0.0;0.0;0.0;0.0;0.0;0.0;0.0;0.0;0.0;0.0;0.0;0.0;0.0;0.0;0.0;0.0;0.0;0.0;0
44976;1;0;2285.4;0.0;176.8;12255.0;0.0;180.0;7171.0;0.0;178.66667;1.0;6675.0;180.0;6.0833335;1188.0;1.375;0.5833333;11157.6;4.2083335;24.95;5342.0;2.5555556;10.736111;1.0;1.0;0.0;0.0;0.0;1188.0;1.375;0.5833333;12.816666666666666;2.8088427;0.0;0.0;0.0;0.0;0.0;0.0;0.0;0.0;0.0;0.0;0.0;0.0;0.0;0.0;0
44985;0;0;0.0;0.0;0.0;0.0;0.0;0.0;0.0;0.0;0.0;0.0;0.0;0.0;0.0;16575.0;6.383333;3.425;55803.0;40.616665;5.391667;32920.0;20.680555;4.2777777;1.0;1.0;0.0;0.0;0.0;16575.0;6.5833335;3.625;1.426388888888889;25.23856;0.0;0.0;0.0;0.0;0.0;0.0;0.0;0.0;0.0;0.0;0.0;0.0;0.0;0.0;0
44979;1;0;0.0;0.0;7.0;233872.0;0.0;89.0;75111.47;8.25;47.5;0.88235295;35000.0;24.5;24.91968;15000.0;4.8;-119.525;161000.0;119.8875;0.45833334;59387.94;45.520832;-37.12037;0.5294118;0.5882353;0.4117647;0.0;0.0;35100.0;16.375;-1.375;7.802777777777778;26.144535;81000.0;19.5;81000.0;19.5;1.0;81000.0;19.5;1.0;0.0;0.0;0.0;0.0;81000.0;19.5;0
45005;1;0;3900.0;93.6;-6.8;27900.0;99.0;134.2;16385.0;97.2;52.8;0.4;18525.0;8.0;13.129497;3850.0;0.28333333;-0.48333332;13850.0;15.791667;6.425;9102.777;5.9074073;2.59375;1.0;1.0;0.0;0.0;0.0;10000.0;3.2083333;0.5416667;5.126388888888889;21.067461;0.0;0.0;0.0;0.0;0.0;0.0;0.0;0.0;0.0;0.0;0.0;0.0;0.0;0.0;0
45007;1;0;10360.0;9.9;2.4;33240.0;89.1;5.6;21800.0;49.5;4.0;0.5;21800.0;4.0;60.833332;3081.6;84.333336;-218.375;18050.0;283.33334;-19.375;11197.0;183.83333;-118.875;0.5;0.5;0.5;0.0;0.0;12775.0;183.83333;-118.875;8.290277777777778;5.7899146;0.0;0.0;0.0;0.0;0.0;0.0;0.0;0.0;0.0;0.0;0.0;0.0;0.0;0.0;0
45008;0;0;241450.0;0.0;134.0;241450.0;0.0;134.0;241450.0;0.0;134.0;1.0;241450.0;134.0;2.7238805;120325.0;6.3708334;0.5875;121125.0;54.3375;0.62083334;120725.0;30.354166;0.6041667;1.0;1.0;0.0;0.0;0.0;120725.0;30.354166;0.6041667;1.9972222222222222;12.01669;0.0;0.0;0.0;0.0;0.0;0.0;0.0;0.0;0.0;0.0;0.0;0.0;0.0;0.0;0
45035;1;0;1000.0;0.0;106.0;1000.0;0.0;106.0;1000.0;0.0;106.0;1.0;1000.0;106.0;3.4433963;1000.0;2.1666667;-1.2083334;1000.0;2.1666667;-1.2083334;1000.0;2.1666667;-1.2083334;1.0;1.0;0.0;0.0;0.0;1000.0;2.1666667;-1.2083334;0.0;0.0;0.0;0.0;0.0;0.0;0.0;0.0;0.0;0.0;0.0;0.0;0.0;0.0;0.0;0.0;0
45033;0;0;10098.0;80.0;24.0;10098.0;80.0;24.0;10098.0;80.0;24.0;0.0;10098.0;24.0;15.208333;10276.2;9.708333;-3.75;11701.8;21.708334;0.25;10989.0;15.708333;-1.75;1.0;1.0;0.0;0.0;0.0;10989.0;15.708333;-1.75;12.665277777777778;1.8949447;0.0;0.0;0.0;0.0;0.0;0.0;0.0;0.0;0.0;0.0;0.0;0.0;0.0;0.0;1
45024;0;0;28738.8;0.0;18.6;299565.0;0.0;224.6;139434.6;0.0;109.0;0.6;78000.0;66.0;4.9457994;5859.2;2.2916667;-174.375;124467.75;250.73334;0.26666668;54728.2;88.16204;-45.425926;0.6;0.6;0.4;0.0;0.0;39000.0;49.375;-1.2083334;12.60138888888889;14.28414;0.0;0.0;0.0;0.0;0.0;0.0;0.0;0.0;0.0;0.0;0.0;0.0;0.0;0.0;1
45042;1;0;5175.0;0.0;70.8;15775.0;0.0;144.4;9708.333;0.0;105.333336;0.33333334;5875.0;94.0;4.620253;5000.0;23.425;-60.458332;17800.0;96.025;1.7083334;11964.286;55.01389;-28.055555;0.42857143;0.42857143;0.5714286;0.0;0.0;15000.0;31.458334;-21.458334;6.688888888888889;12.55814;0.0;0.0;0.0;0.0;0.0;0.0;0.0;0.0;0.0;0.0;0.0;0.0;0.0;0.0;0
45052;1;0;2990.0;0.0;18.0;2990.0;0.0;18.0;2990.0;0.0;18.0;1.0;2990.0;18.0;20.277779;2990.0;0.41666666;1.5416666;2990.0;0.41666666;1.5416666;2990.0;0.41666666;1.5416666;1.0;1.0;0.0;0.0;0.0;2990.0;0.41666666;1.5416666;0.0;0.0;0.0;0.0;0.0;0.0;0.0;0.0;0.0;0.0;0.0;0.0;0.0;0.0;0.0;0.0;0
45060;0;0;7590.0;0.0;14.8;213300.0;0.0;299.6;79177.14;0.0;123.42857;0.14285715;30515.0;50.0;3.8829787;9795.0;25.375;-141.80833;81000.0;158.56667;-15.416667;42082.223;94.546295;-78.69907;1.0;1.0;0.0;0.0;0.0;30515.0;90.416664;-67.5;10.206944444444444;10.581032;0.0;0.0;0.0;0.0;0.0;0.0;0.0;0.0;0.0;0.0;0.0;0.0;0.0;0.0;1
43848;1;0;1380.0;0.0;7.0;10740.0;0.0;14.2;6200.0;0.0;10.0;0.33333334;6900.0;7.0;12.30337;6468.1;2.9708333;-1.0958333;14642.1;16.404167;1.5208334;10196.5;8.604167;0.104166664;1.0;1.0;0.0;0.0;0.0;9300.0;5.8958335;-0.16666667;8.170833333333333;5.8745537;0.0;0.0;0.0;0.0;0.0;0.0;0.0;0.0;0.0;0.0;0.0;0.0;0.0;0.0;0
45062;1;0;3520.0;0.0;3.8;27840.0;0.0;7.0;16000.0;0.0;5.6666665;0.6666667;17600.0;7.0;4.5625;15200.0;19.975;-5.0833335;27504.0;97.041664;-0.81666666;20326.666;60.48611;-2.8611112;1.0;1.0;0.0;0.0;0.0;15200.0;70.375;-2.4166667;3.209722222222222;11.215924;0.0;0.0;0.0;0.0;0.0;0.0;0.0;0.0;0.0;0.0;0.0;0.0;0.0;0.0;0
45068;1;0;0.0;0.0;0.0;0.0;0.0;0.0;0.0;0.0;0.0;0.0;0.0;0.0;0.0;3504.6;7.375;1.5833334;10157.4;7.375;1.5833334;6633.0;7.375;1.5833334;0.33333334;0.33333334;0.6666667;0.0;0.0;5643.0;7.375;1.5833334;0.0;0.0;0.0;0.0;0.0;0.0;0.0;0.0;0.0;0.0;0.0;0.0;0.0;0.0;0.0;0.0;0
45044;1;0;12500.0;0.0;245.0;12500.0;0.0;245.0;12500.0;0.0;245.0;0.0;12500.0;245.0;1.4897959;12500.0;127.166664;-78.208336;12500.0;127.166664;-78.208336;12500.0;127.166664;-78.208336;1.0;1.0;0.0;0.0;0.0;12500.0;127.166664;-78.208336;0.0;0.0;0.0;0.0;0.0;0.0;0.0;0.0;0.0;0.0;0.0;0.0;0.0;0.0;0.0;0.0;0
35080;0;0;30150.0;0.0;31.5;43350.0;0.0;139.5;36750.0;0.0;85.5;0.5;36750.0;85.5;4.7712417;14250.0;49.666668;-159.00833;22500.0;167.16667;-41.508335;18375.0;118.208336;-105.916664;0.5;0.5;0.5;0.0;0.0;18375.0;167.16667;-134.20833;4.895833333333333;9.8042555;0.0;0.0;0.0;0.0;0.0;0.0;0.0;0.0;0.0;0.0;0.0;0.0;0.0;0.0;0
45084;1;0;9900.0;0.0;11.4;50940.0;0.0;52.2;28600.0;0.0;31.333334;0.0;19500.0;29.0;10.045872;7500.0;43.483334;-28.5;33180.0;83.38333;-28.5;18660.0;67.083336;-28.5;0.8;0.8;0.2;0.0;0.0;16500.0;76.208336;-28.5;2.575;23.30097;0.0;0.0;0.0;0.0;0.0;0.0;0.0;0.0;0.0;0.0;0.0;0.0;0.0;0.0;0
45098;1;0;12000.0;0.0;4.6;36000.0;0.0;16.6;23333.334;0.0;10.0;0.0;20000.0;7.0;10.2336445;5000.0;0.375;-95.82083;17000.0;19.508333;-52.054165;10000.0;8.375;-73.9375;1.0;1.0;0.0;0.0;0.0;5000.0;0.5416667;-73.9375;0.7916666666666666;45.473682;0.0;0.0;0.0;0.0;0.0;0.0;0.0;0.0;0.0;0.0;0.0;0.0;0.0;0.0;0
32230;0;0;0.0;0.0;0.0;0.0;0.0;0.0;0.0;0.0;0.0;0.0;0.0;0.0;0.0;8750.0;14.083333;-4.125;15750.0;71.166664;-2.2083333;11750.0;40.030304;-3.253788;1.0;1.0;0.0;0.0;0.0;13125.0;14.083333;-4.125;1.9027777777777777;69.37226;0.0;0.0;0.0;0.0;0.0;0.0;0.0;0.0;0.0;0.0;0.0;0.0;0.0;0.0;0
45112;0;0;17151.3;0.0;0.0;27137.7;0.0;0.0;22144.5;0.0;0.0;1.0;22144.5;0.0;0.0;-100000.0;41.208332;64.75;-100000.0;41.208332;64.75;-100000.0;41.208332;64.75;0.0;0.0;1.0;0.0;0.0;-100000.0;41.208332;64.75;0.0;0.0;0.0;0.0;0.0;0.0;0.0;0.0;0.0;0.0;0.0;0.0;0.0;0.0;0.0;0.0;0
34122;0;0;0.0;0.0;0.0;0.0;0.0;0.0;0.0;0.0;0.0;0.0;0.0;0.0;0.0;8522.0;7.5416665;1.4166666;8522.0;7.5416665;1.4166666;8522.0;7.5416665;1.4166666;1.0;1.0;0.0;0.0;0.0;8522.0;7.5416665;1.4166666;0.0;0.0;0.0;0.0;0.0;0.0;0.0;0.0;0.0;0.0;0.0;0.0;0.0;0.0;0.0;0.0;0
45100;1;0;500.0;0.0;7.0;31150.0;0.0;7.0;18445.834;0.0;7.5833335;0.16666667;18750.0;7.0;23.297873;7100.0;5.266667;-7.6875;27550.0;106.245834;-0.64166665;18025.0;41.635418;-4.1770835;1.0;1.0;0.0;0.0;0.0;19775.0;6.3333335;-4.2083335;7.384722222222222;6.499906;0.0;0.0;0.0;0.0;0.0;0.0;0.0;0.0;0.0;0.0;0.0;0.0;0.0;0.0;1
45156;1;0;0.0;0.0;0.0;0.0;0.0;0.0;0.0;0.0;0.0;0.0;0.0;0.0;0.0;7898.0;8.791667;-1.8333334;7898.0;8.791667;-1.8333334;7898.0;8.791667;-1.8333334;1.0;1.0;0.0;0.0;0.0;7898.0;8.791667;-1.8333334;0.0;0.0;0.0;0.0;0.0;0.0;0.0;0.0;0.0;0.0;0.0;0.0;0.0;0.0;0.0;0.0;0
45172;1;0;10000.0;0.0;0.0;10000.0;0.0;0.0;10000.0;0.0;0.0;1.0;10000.0;0.0;0.0;10000.0;0.0;0.0;10000.0;0.0;0.0;10000.0;0.0;0.0;0.0;0.0;1.0;0.0;0.0;10000.0;0.0;0.0;0.0;0.0;0.0;0.0;0.0;0.0;0.0;0.0;0.0;0.0;0.0;0.0;0.0;0.0;0.0;0.0;0
45180;1;0;24900.0;0.0;7.0;24900.0;0.0;7.0;24900.0;0.0;7.0;0.0;24900.0;7.0;52.142857;13182.0;0.0;0.0;23598.0;0.0;0.0;18390.0;0.0;0.0;0.0;0.0;1.0;0.0;0.0;18390.0;0.0;0.0;0.0;0.0;0.0;0.0;0.0;0.0;0.0;0.0;0.0;0.0;0.0;0.0;0.0;0.0;0.0;0.0;0
45136;1;0;0.0;0.0;7.0;64525.0;0.0;77.5;23477.084;0.0;32.333332;0.16666667;5906.25;12.5;10.478469;5250.0;1.5916667;-0.90833336;37537.5;87.3;2.5375;23265.25;22.62037;0.578125;0.9;0.9;0.1;0.0;0.0;20450.0;3.3333333;-0.5416667;4.872222222222222;24.62942;0.0;0.0;0.0;0.0;0.0;0.0;0.0;0.0;0.0;0.0;0.0;0.0;0.0;0.0;1
45191;1;0;0.0;0.0;7.0;0.0;0.0;7.0;0.0;0.0;7.0;1.0;0.0;7.0;52.142857;5500.0;0.0;0.0;5500.0;0.0;0.0;5500.0;0.0;0.0;0.0;0.0;1.0;0.0;0.0;5500.0;0.0;0.0;0.0;0.0;0.0;0.0;0.0;0.0;0.0;0.0;0.0;0.0;0.0;0.0;0.0;0.0;0.0;0.0;0
33262;0;0;30000.0;0.0;25.8;30000.0;0.0;64.2;30000.0;0.0;45.0;0.0;30000.0;45.0;10.57971;30000.0;14.095834;0.82916665;30000.0;27.529167;9.4625;30000.0;20.8125;5.1458335;0.6666667;0.6666667;0.33333334;0.0;0.0;30000.0;20.8125;5.1458335;1.6069444444444445;22.402765;0.0;0.0;0.0;0.0;0.0;0.0;0.0;0.0;0.0;0.0;0.0;0.0;0.0;0.0;1
45278;1;0;0.0;0.0;0.0;0.0;0.0;0.0;0.0;0.0;0.0;0.0;0.0;0.0;0.0;5990.0;0.41666666;2.5416667;5990.0;0.41666666;2.5416667;5990.0;0.41666666;2.5416667;1.0;1.0;0.0;0.0;0.0;5990.0;0.41666666;2.5416667;0.0;0.0;0.0;0.0;0.0;0.0;0.0;0.0;0.0;0.0;0.0;0.0;0.0;0.0;0.0;0.0;0
45282;1;0;25335.0;0.0;9.8;28815.0;0.0;32.2;27075.0;0.0;21.0;0.5;27075.0;21.0;16.976744;5990.0;0.85833335;-0.75;17336.0;5.4083333;9.875;9772.0;3.4333334;3.725;1.0;1.0;0.0;0.0;0.0;5990.0;4.5;1.75;5.998611111111111;10.0023155;0.0;0.0;0.0;0.0;0.0;0.0;0.0;0.0;0.0;0.0;0.0;0.0;0.0;0.0;1
45267;0;0;7800.0;0.0;7.0;7800.0;0.0;7.0;7800.0;0.0;7.0;1.0;7800.0;7.0;52.142857;3900.0;12.208333;-0.25;7099.2;12.208333;-0.25;5233.0;12.208333;-0.25;0.33333334;0.33333334;0.6666667;0.0;0.0;3900.0;12.208333;-0.25;0.0;0.0;0.0;0.0;0.0;0.0;0.0;0.0;0.0;0.0;0.0;0.0;0.0;0.0;0.0;0.0;0
45293;1;0;0.0;0.0;7.0;0.0;0.0;7.0;0.0;0.0;7.0;1.0;0.0;7.0;16.976744;10232.0;0.9291667;3.0291667;17072.0;3.0291667;5.929167;14222.0;1.9791666;4.4791665;0.6666667;0.6666667;0.33333334;0.0;0.0;17072.0;1.9791666;4.4791665;0.24444444444444444;147.27272;0.0;0.0;0.0;0.0;0.0;0.0;0.0;0.0;0.0;0.0;0.0;0.0;0.0;0.0;0
45302;1;0;0.0;0.0;0.0;0.0;0.0;0.0;0.0;0.0;0.0;0.0;0.0;0.0;0.0;9104.6;6.2916665;2.6666667;49208.1;6.2916665;2.6666667;27735.25;6.2916665;2.6666667;0.25;0.25;0.75;0.0;0.0;24182.5;6.2916665;2.6666667;0.0;0.0;0.0;0.0;0.0;0.0;0.0;0.0;0.0;0.0;0.0;0.0;0.0;0.0;0.0;0.0;0
45304;1;0;0.0;0.0;0.0;0.0;0.0;0.0;0.0;0.0;0.0;0.0;0.0;0.0;0.0;29900.0;1.3333334;0.625;51112.25;8.95;15.908334;37037.5;5.0416665;7.6666665;0.6666667;0.6666667;0.0;0.33333334;0.0;30100.25;4.7916665;6.1666665;0.2638888888888889;272.8421;0.0;0.0;0.0;0.0;0.0;0.0;0.0;0.0;0.0;0.0;0.0;0.0;0.0;0.0;0
45058;1;0;36000.0;0.0;7.0;36000.0;0.0;7.0;36000.0;0.0;7.0;0.0;36000.0;7.0;52.142857;18000.0;10.575;-1.2666667;29952.0;39.208332;2.7;22980.0;26.472221;0.4861111;1.0;1.0;0.0;0.0;0.0;18000.0;34.375;-0.6666667;0.9916666666666667;36.30252;0.0;0.0;0.0;0.0;0.0;0.0;0.0;0.0;0.0;0.0;0.0;0.0;0.0;0.0;0
30886;1;0;0.0;0.0;2.1;7800.0;0.0;44.8;3500.0;0.0;18.75;0.5;2500.0;7.0;1.4867617;5800.0;25.433332;-65.84167;14520.0;72.8;-1.675;9966.667;45.34722;-31.38889;0.6666667;0.6666667;0.33333334;0.0;0.0;9000.0;26.5;-19.541666;2.673611111111111;13.464935;0.0;0.0;0.0;0.0;0.0;0.0;0.0;0.0;0.0;0.0;0.0;0.0;0.0;0.0;0
45316;1;0;102225.0;0.0;0.0;102225.0;0.0;0.0;102225.0;0.0;0.0;0.0;102225.0;0.0;0.0;50921.25;0.0;0.0;51091.25;0.0;0.0;51006.25;0.0;0.0;0.0;0.0;1.0;0.0;0.0;51006.25;0.0;0.0;0.0;0.0;0.0;0.0;0.0;0.0;0.0;0.0;0.0;0.0;0.0;0.0;0.0;0.0;0.0;0.0;0
45322;0;0;30000.0;100.0;30.0;30000.0;100.0;30.0;30000.0;100.0;30.0;0.0;30000.0;30.0;12.166667;15000.0;0.42083332;0.0375;15000.0;1.1208333;2.3375;15000.0;0.7708333;1.1875;1.0;1.0;0.0;0.0;0.0;15000.0;0.7708333;1.1875;2.1277777777777778;11.279373;0.0;0.0;0.0;0.0;0.0;0.0;0.0;0.0;0.0;0.0;0.0;0.0;0.0;0.0;1
45328;1;0;0.0;0.0;0.0;0.0;0.0;0.0;0.0;0.0;0.0;0.0;0.0;0.0;0.0;7898.0;0.0;0.0;7898.0;0.0;0.0;7898.0;0.0;0.0;0.0;0.0;1.0;0.0;0.0;7898.0;0.0;0.0;0.0;0.0;0.0;0.0;0.0;0.0;0.0;0.0;0.0;0.0;0.0;0.0;0.0;0.0;0.0;0.0;0
45326;1;0;29742.0;0.0;37.4;68310.0;0.0;136.6;48980.0;0.0;84.333336;0.0;48750.0;71.0;6.0164833;18720.0;9.4;-70.24167;61154.9;84.0;0.35833332;43871.8;41.27778;-29.319445;0.3;0.3;0.7;0.0;0.0;42000.0;14.166667;-1.2083334;3.1069444444444443;38.623158;0.0;0.0;0.0;0.0;0.0;0.0;0.0;0.0;0.0;0.0;0.0;0.0;0.0;0.0;1
45300;1;0;26920.0;0.0;15.6;46840.0;0.0;54.0;36566.668;0.0;37.333332;0.0;35000.0;50.0;12.586206;10634.0;3.2833333;-3.8333333;53394.0;54.725;2.1041667;30196.25;23.005953;-0.5208333;0.875;0.875;0.0;0.125;0.0;17500.0;6.3333335;0.16666667;2.7958333333333334;34.33681;0.0;0.0;0.0;0.0;0.0;0.0;0.0;0.0;0.0;0.0;0.0;0.0;0.0;0.0;1
36678;0;0;53443.0;0.0;7.0;280027.0;0.0;7.0;166735.0;0.0;7.0;0.0;166735.0;7.0;104.28571;12016.0;6.525;-0.56666666;12560.0;33.925;5.633333;12333.333;18.208334;2.4166667;1.0;1.0;0.0;0.0;0.0;12560.0;8.125;1.8333334;1.1402777777777777;31.571255;0.0;0.0;0.0;0.0;0.0;0.0;0.0;0.0;0.0;0.0;0.0;0.0;0.0;0.0;1
40824;0;0;24900.0;0.0;0.0;24900.0;0.0;0.0;24900.0;0.0;0.0;0.0;24900.0;0.0;0.0;24900.0;5.125;0.8333333;24900.0;5.125;0.8333333;24900.0;5.125;0.8333333;1.0;1.0;0.0;0.0;0.0;24900.0;5.125;0.8333333;0.0;0.0;0.0;0.0;0.0;0.0;0.0;0.0;0.0;0.0;0.0;0.0;0.0;0.0;0.0;0.0;0
45960;1;0;18870.0;0.0;7.0;88930.0;0.0;30.2;53041.668;0.0;16.666666;0.0;48750.0;7.0;17.109375;15650.0;1.85;-1.2916666;99427.5;26.108334;0.85;46484.168;11.479167;-0.5208333;0.6666667;0.6666667;0.0;0.33333334;0.0;24375.0;5.2291665;-1.2708334;1.4347222222222222;50.18393;0.0;0.0;0.0;0.0;0.0;0.0;0.0;0.0;0.0;0.0;0.0;0.0;0.0;0.0;1
45342;1;0;47385.0;0.0;7.0;176865.0;0.0;7.0;112125.0;0.0;7.0;0.0;112125.0;7.0;7.9347825;15600.0;7.125;-1.1666666;15600.0;7.125;-1.1666666;15600.0;7.125;-1.1666666;0.5;0.5;0.0;0.5;0.0;15600.0;7.125;-1.1666666;0.0;0.0;0.0;0.0;0.0;0.0;0.0;0.0;0.0;0.0;0.0;0.0;0.0;0.0;0.0;0.0;0
45974;1;0;24900.0;0.0;18.0;24900.0;0.0;18.0;24900.0;0.0;18.0;0.0;24900.0;18.0;20.277779;13182.0;1.6041666;-0.24583334;23598.0;4.1041665;1.4541667;18390.0;2.8541667;0.6041667;1.0;1.0;0.0;0.0;0.0;18390.0;2.8541667;0.6041667;0.5291666666666667;45.354332;0.0;0.0;0.0;0.0;0.0;0.0;0.0;0.0;0.0;0.0;0.0;0.0;0.0;0.0;1
35574;0;0;7800.0;0.0;7.0;7800.0;0.0;7.0;7800.0;0.0;7.0;0.5;7800.0;7.0;13.272727;7800.0;0.0;0.0;7800.0;0.0;0.0;7800.0;0.0;0.0;0.0;0.0;1.0;0.0;0.0;7800.0;0.0;0.0;0.0;0.0;0.0;0.0;0.0;0.0;0.0;0.0;0.0;0.0;0.0;0.0;0.0;0.0;0.0;0.0;0
45972;1;0;78455.0;0.0;0.0;87295.0;0.0;0.0;82875.0;0.0;0.0;0.0;82875.0;0.0;0.0;19125.0;0.6;-0.5416667;19550.0;1.4;-0.5416667;19337.5;1.0;-0.5416667;0.5;0.5;0.0;0.5;0.0;19337.5;1.0;-0.5416667;0.0;0.0;0.0;0.0;0.0;0.0;0.0;0.0;0.0;0.0;0.0;0.0;0.0;0.0;0.0;0.0;0
30610;0;0;5000.0;0.0;7.0;45000.0;0.0;7.0;25000.0;0.0;7.0;0.0;25000.0;7.0;27.037037;17000.0;0.5833333;-3.625;33000.0;0.5833333;-3.625;25000.0;0.5833333;-3.625;0.5;0.5;0.0;0.5;0.0;25000.0;0.5833333;-3.625;0.0;0.0;0.0;0.0;0.0;0.0;0.0;0.0;0.0;0.0;0.0;0.0;0.0;0.0;0.0;0.0;0
45986;1;0;5950.0;0.0;7.0;5950.0;0.0;7.0;5950.0;0.0;7.0;0.0;5950.0;7.0;52.142857;5950.0;10.375;-1.4166666;5950.0;10.375;-1.4166666;5950.0;10.375;-1.4166666;1.0;1.0;0.0;0.0;0.0;5950.0;10.375;-1.4166666;0.0;0.0;0.0;0.0;0.0;0.0;0.0;0.0;0.0;0.0;0.0;0.0;0.0;0.0;0.0;0.0;0
45982;1;0;0.0;0.0;0.0;0.0;0.0;0.0;0.0;0.0;0.0;0.0;0.0;0.0;0.0;17940.0;0.29166666;-0.33333334;17940.0;0.29166666;-0.33333334;17940.0;0.29166666;-0.33333334;1.0;1.0;0.0;0.0;0.0;17940.0;0.29166666;-0.33333334;0.0;0.0;0.0;0.0;0.0;0.0;0.0;0.0;0.0;0.0;0.0;0.0;0.0;0.0;0.0;0.0;0
45997;1;0;0.0;0.0;0.0;0.0;0.0;0.0;0.0;0.0;0.0;0.0;0.0;0.0;0.0;1188.0;0.0;0.0;1188.0;0.0;0.0;1188.0;0.0;0.0;0.0;0.0;0.0;1.0;0.0;1188.0;0.0;0.0;0.0;0.0;0.0;0.0;0.0;0.0;0.0;0.0;0.0;0.0;0.0;0.0;0.0;0.0;0.0;0.0;0
45999;1;0;24900.0;0.0;43.0;24900.0;0.0;43.0;24900.0;0.0;43.0;0.0;24900.0;43.0;8.488372;24900.0;0.0;0.0;24900.0;0.0;0.0;24900.0;0.0;0.0;0.0;0.0;0.0;0.0;1.0;24900.0;0.0;0.0;0.0;0.0;0.0;0.0;0.0;0.0;0.0;0.0;0.0;0.0;0.0;0.0;0.0;0.0;0.0;0.0;0
